id,lot_id,slot_number,vehicle_type,status
S101,P123,A01,car,available
S102,P139,A02,car,reserved
S103,P101,A03,car,reserved
S104,P128,A04,car,reserved
S105,P115,A05,car,available
S106,P122,A06,car,available
S107,P125,A07,car,reserved
S108,P114,A09,car,reserved
S109,P109,A11,car,occupied
S110,P110,A12,car,reserved
S111,P111,A13,car,available
S112,P136,A14,car,occupied
S113,P120,A15,car,reserved
S114,P107,A16,car,available
S115,P108,A18,car,occupied
S116,P109,A19,car,occupied
S117,P130,A20,car,occupied
S118,P116,B01,car,reserved
S119,P132,B02,car,available
S120,P132,B03,car,available
S121,P115,B04,car,available
S122,P118,B05,car,occupied
S123,P126,B07,car,occupied
S124,P112,B08,car,available
S125,P112,B09,car,available
S126,P120,B13,car,available
S127,P140,B15,car,available
S128,P114,B16,car,reserved
S129,P139,B17,car,reserved
S130,P115,B18,car,available
S131,P130,B19,car,reserved
S132,P128,B20,car,reserved
S133,P105,C01,car,available
S134,P120,C02,car,available
S135,P107,C03,car,occupied
S136,P120,C04,car,available
S137,P121,C05,car,available
S138,P104,C06,car,reserved
S139,P109,C08,car,available
S140,P101,C11,car,occupied
S141,P109,C12,car,occupied
S142,P109,C13,car,occupied
S143,P110,C14,car,reserved
S144,P122,C15,car,reserved
S145,P134,C16,car,available
S146,P102,C17,car,occupied
S147,P121,C19,car,available
S148,P132,C20,car,reserved
S149,P121,D01,car,reserved
S150,P140,D02,car,occupied
S151,P113,D04,car,occupied
S152,P108,D05,car,reserved
S153,P106,D06,car,occupied
S154,P120,A02,ev,available
S155,P104,A03,car,occupied
S156,P114,A04,car,occupied
S157,P135,A05,ev,reserved
S158,P133,A07,ev,reserved
S159,P101,A08,car,occupied
S160,P132,A09,bike,available
S161,P104,A11,ev,reserved
S162,P109,A13,car,reserved
S163,P101,A14,ev,available
S164,P115,A16,ev,available
S165,P126,A17,car,occupied
S166,P132,A18,ev,reserved
S167,P134,B01,ev,available
S168,P134,B02,ev,occupied
S169,P102,B03,bike,available
S170,P126,B04,bike,occupied
S171,P136,B05,ev,occupied
S172,P111,B07,car,reserved
S173,P115,B09,car,available
S174,P120,B10,car,reserved
S175,P125,B11,bike,reserved
S176,P133,B12,car,available
S177,P132,B13,ev,reserved
S178,P104,B14,ev,available
S179,P105,B15,car,available
S180,P104,B16,ev,available
S181,P109,B17,car,reserved
S182,P116,B18,car,reserved
S183,P139,B19,car,available
S184,P115,C01,ev,available
S185,P135,C02,car,available
S186,P125,C03,car,available
S187,P136,C04,car,occupied
S188,P126,C05,car,available
S189,P122,C06,bike,reserved
S190,P107,C07,car,occupied
S191,P110,C08,ev,reserved
S192,P102,C09,car,available
S193,P139,C10,bike,reserved
S194,P113,C11,ev,reserved
S195,P121,A01,ev,available
S196,P130,A03,ev,occupied
S197,P130,A04,ev,occupied
S198,P105,A05,ev,available
S199,P106,A06,ev,available
S200,P121,A07,ev,available
S201,P107,A08,ev,reserved
S202,P110,A09,ev,occupied
S203,P117,A10,ev,available
S204,P125,A11,ev,available
S205,P123,A13,ev,occupied
S206,P113,A14,ev,available
S207,P116,A15,ev,occupied
S208,P104,A17,ev,occupied
S209,P113,A18,ev,occupied
S210,P118,A20,ev,occupied
S211,P117,B01,ev,occupied
S212,P132,B02,ev,occupied
S213,P118,B04,ev,occupied
S214,P134,B05,ev,available
S215,P121,B06,ev,reserved
S216,P128,B07,ev,available
S217,P136,B08,ev,occupied
S218,P101,B10,ev,occupied
S219,P126,B11,ev,occupied
S220,P110,B12,ev,available
S221,P130,B13,ev,reserved
S222,P115,B14,ev,reserved
S223,P110,B15,ev,occupied
S224,P123,B16,ev,available
S225,P113,B18,ev,reserved
S226,P123,B19,ev,reserved
S227,P136,B20,ev,available
S228,P122,C01,ev,reserved
S229,P121,C02,ev,occupied
S230,P101,C03,ev,reserved
S231,P128,C06,ev,available
S232,P136,C07,ev,reserved
S233,P121,C08,ev,reserved
S234,P139,C09,ev,available
S235,P128,C10,ev,reserved
S236,P110,C12,ev,occupied
S237,P113,C13,ev,available
S238,P133,C14,ev,occupied
S239,P111,C16,ev,occupied
S240,P110,A01,ev,occupied
S241,P118,A02,ev,available
S242,P139,A03,ev,occupied
S243,P105,A05,ev,reserved
S244,P109,A06,ev,available
S245,P132,A08,ev,available
S246,P116,A09,ev,available
S247,P112,A11,ev,available
S248,P111,A13,ev,reserved
S249,P121,A14,ev,reserved
S250,P120,A17,ev,occupied
S251,P106,A18,ev,occupied
S252,P109,A19,ev,occupied
S253,P126,A20,ev,occupied
S254,P106,B02,ev,available
S255,P115,B03,ev,reserved
S256,P102,B04,ev,reserved
S257,P120,B06,ev,available
S258,P122,B07,ev,reserved
S259,P113,B08,ev,reserved
S260,P134,B09,ev,occupied
S261,P111,B10,ev,occupied
S262,P133,B11,ev,available
S263,P122,B12,ev,reserved
S264,P116,B13,ev,available
S265,P106,B14,ev,available
S266,P122,B15,ev,reserved
S267,P106,B16,ev,occupied
S268,P111,B17,ev,reserved
S269,P104,B18,ev,reserved
S270,P110,B19,ev,reserved
S271,P139,B20,ev,occupied
S272,P136,C01,ev,occupied
S273,P130,C03,ev,reserved
S274,P118,C04,ev,reserved
S275,P121,C06,ev,reserved
S276,P134,C07,ev,reserved
S277,P128,C08,ev,reserved
S278,P121,C09,ev,available
S279,P105,C10,ev,available
S280,P134,C11,ev,occupied
S281,P121,C13,ev,available
S282,P126,C16,ev,available
S283,P114,C17,ev,available
S284,P111,C18,ev,occupied
S285,P118,C19,ev,occupied
S286,P140,C20,ev,reserved
S287,P121,D01,ev,available
S288,P108,D02,ev,available
S289,P116,D03,ev,available
S290,P118,D04,ev,reserved
S291,P109,D05,ev,available
S292,P135,A01,bike,reserved
S293,P120,A02,bike,available
S294,P114,A03,bike,occupied
S295,P106,A04,bike,reserved
S296,P113,A05,bike,occupied
S297,P113,A06,bike,occupied
S298,P118,A07,bike,reserved
S299,P132,A08,bike,occupied
S300,P102,A09,bike,reserved
S301,P104,A11,bike,occupied
S302,P134,A13,bike,reserved
S303,P126,A14,bike,reserved
S304,P118,A15,bike,reserved
S305,P118,A16,bike,occupied
S306,P107,A17,bike,occupied
S307,P104,A18,bike,reserved
S308,P116,A20,bike,available
S309,P133,B02,bike,occupied
S310,P139,B03,bike,available
S311,P110,B06,bike,occupied
S312,P132,B07,bike,reserved
S313,P101,B08,bike,reserved
S314,P108,B10,bike,reserved
S315,P140,B11,bike,occupied
S316,P134,B12,bike,reserved
S317,P106,B13,bike,reserved
S318,P132,B15,bike,available
S319,P115,B16,bike,occupied
S320,P117,B17,bike,occupied
S321,P118,B18,bike,reserved
S322,P104,B19,bike,occupied
S323,P117,B20,bike,reserved
S324,P140,C01,bike,occupied
S325,P104,C02,bike,occupied
S326,P120,C03,bike,reserved
S327,P117,C04,bike,available
S328,P111,C05,bike,available
S329,P118,C07,bike,reserved
S330,P135,A01,bike,available
S331,P125,A02,bike,occupied
S332,P128,A03,bike,available
S333,P122,A04,bike,available
S334,P118,A06,bike,occupied
S335,P113,A07,bike,reserved
S336,P106,A08,bike,reserved
S337,P115,A10,bike,available
S338,P116,A11,bike,available
S339,P122,A13,bike,available
S340,P126,A14,bike,reserved
S341,P101,A17,bike,available
S342,P121,A19,bike,reserved
S343,P107,A20,bike,occupied
S344,P130,B01,bike,occupied
S345,P140,B02,bike,available
S346,P113,B03,bike,available
S347,P107,B04,bike,reserved
S348,P130,B05,bike,available
S349,P126,B06,bike,occupied
S350,P112,B08,bike,reserved
S351,P132,B09,bike,reserved
S352,P125,B10,bike,available
S353,P116,B11,bike,occupied
S354,P120,B12,bike,available
S355,P122,B13,bike,reserved
S356,P105,B14,bike,reserved
S357,P125,B15,bike,occupied
S358,P123,B16,bike,occupied
S359,P136,B17,bike,reserved
S360,P133,B18,bike,reserved
S361,P125,B19,bike,occupied
S362,P121,B20,bike,occupied
S363,P107,C02,bike,occupied
S364,P132,C03,bike,occupied
S365,P126,C04,bike,reserved
S366,P112,C05,bike,available
S367,P101,C06,bike,occupied
S368,P120,C07,bike,reserved
S369,P123,C08,bike,occupied
S370,P110,C09,bike,occupied
S371,P136,C10,bike,available
S372,P140,C11,bike,available
S373,P102,C13,bike,occupied
S374,P136,C14,bike,occupied
S375,P101,C15,bike,reserved
S376,P115,A01,bike,available
S377,P105,A02,car,occupied
S378,P113,A03,ev,reserved
S379,P112,A04,car,available
S380,P117,A05,ev,available
S381,P121,A06,ev,available
S382,P102,A07,ev,available
S383,P135,A08,bike,reserved
S384,P123,A09,car,available
S385,P108,A10,bike,occupied
S386,P133,A12,car,reserved
S387,P134,A14,car,reserved
S388,P122,A15,ev,available
S389,P134,A17,bike,reserved
S390,P113,A18,bike,reserved
S391,P101,A20,bike,available
S392,P102,B01,ev,occupied
S393,P133,B03,ev,reserved
S394,P110,B04,ev,reserved
S395,P132,B05,ev,available
S396,P115,B06,car,occupied
S397,P110,B08,bike,occupied
S398,P101,B09,ev,available
S399,P140,B10,bike,occupied
S400,P104,B11,car,occupied
S401,P126,B12,car,occupied
S402,P120,B13,car,available
S403,P105,B15,ev,available
S404,P128,B16,bike,reserved
S405,P123,B17,car,available
S406,P105,B18,bike,available
S407,P114,B19,car,reserved
S408,P108,B20,bike,available
S409,P105,C02,car,reserved
S410,P122,C03,car,occupied
S411,P107,C04,bike,available
S412,P123,C05,ev,available
S413,P132,C06,car,available
S414,P139,C07,car,available
S415,P107,C08,ev,available
S416,P116,C11,car,reserved
S417,P140,A01,car,available
S418,P120,A02,car,reserved
S419,P122,A03,bike,occupied
S420,P108,A04,bike,available
S421,P117,A05,bike,reserved
S422,P104,A06,car,reserved
S423,P112,A09,car,occupied
S424,P136,A11,car,reserved
S425,P121,A12,bike,occupied
S426,P139,A13,bike,reserved
S427,P123,A14,bike,available
S428,P110,A15,bike,available
S429,P105,A17,ev,available
S430,P112,A18,ev,occupied
S431,P121,A19,ev,reserved
S432,P104,A20,ev,reserved
S433,P116,B01,ev,occupied
S434,P111,B02,bike,occupied
S435,P109,B03,car,available
S436,P120,B05,bike,available
S437,P136,B07,car,reserved
S438,P130,B08,ev,occupied
S439,P118,B09,ev,occupied
S440,P115,B10,ev,available
S441,P135,B12,ev,reserved
S442,P109,B13,bike,occupied
S443,P130,B14,car,reserved
S444,P109,B15,car,reserved
S445,P128,B16,ev,available
S446,P125,B17,bike,available
S447,P110,A02,ev,reserved
S448,P102,A03,ev,reserved
S449,P120,A04,ev,occupied
S450,P135,A06,ev,occupied
S451,P116,A07,ev,occupied
S452,P118,A09,ev,reserved
S453,P140,A10,ev,available
S454,P113,A11,ev,available
S455,P115,A12,ev,reserved
S456,P120,A13,ev,available
S457,P108,A14,ev,reserved
S458,P121,A15,ev,occupied
S459,P110,A16,ev,occupied
S460,P120,A17,ev,reserved
S461,P111,A01,car,reserved
S462,P118,A02,car,available
S463,P120,A03,car,available
S464,P101,A06,car,reserved
S465,P135,A07,car,available
S466,P126,A08,car,reserved
S467,P107,A09,car,available
S468,P128,A10,car,occupied
S469,P130,A11,car,reserved
S470,P130,A12,car,reserved
S471,P135,A13,car,available
S472,P111,A14,car,occupied
S473,P130,A15,car,reserved
S474,P115,A16,car,occupied
S475,P107,A18,car,occupied
S476,P114,A20,car,occupied
S477,P126,B01,car,occupied
S478,P123,B02,car,available
S479,P125,B04,car,reserved
S480,P135,B05,car,available
S481,P136,B06,car,available
S482,P116,B07,car,occupied
S483,P132,B09,car,occupied
S484,P106,B10,car,reserved
S485,P132,B11,car,available
S486,P101,B13,car,available
S487,P113,B15,car,reserved
S488,P135,B16,car,available
S489,P128,B17,car,available
S490,P109,B18,car,reserved
S491,P130,B19,car,reserved
S492,P114,B20,car,reserved
S493,P123,C02,car,available
S494,P136,C03,car,occupied
S495,P113,A01,ev,reserved
S496,P111,A03,ev,available
S497,P109,A04,ev,occupied
S498,P110,A05,ev,available
S499,P122,A06,ev,available
S500,P118,A07,ev,occupied
S501,P108,A08,ev,occupied
S502,P130,A09,ev,reserved
S503,P113,A11,ev,reserved
S504,P133,A12,ev,reserved
S505,P107,A13,ev,available
S506,P130,A14,ev,reserved
S507,P117,A17,ev,available
S508,P117,A18,ev,occupied
S509,P116,A20,ev,available
S510,P118,B01,ev,available
S511,P116,B02,ev,reserved
S512,P116,B03,ev,occupied
S513,P102,B04,ev,occupied
S514,P114,B05,ev,reserved
S515,P135,B06,ev,reserved
S516,P125,B07,ev,reserved
S517,P125,B08,ev,available
S518,P107,B09,ev,available
S519,P115,B10,ev,reserved
S520,P123,B12,ev,available
S521,P128,B13,ev,occupied
S522,P102,B14,ev,available
S523,P133,B16,ev,occupied
S524,P130,B18,ev,occupied
S525,P112,B19,ev,reserved
S526,P114,B20,ev,reserved
S527,P135,C01,ev,occupied
S528,P126,A01,ev,reserved
S529,P122,A02,ev,reserved
S530,P134,A04,car,reserved
S531,P109,A05,ev,available
S532,P108,A06,car,available
S533,P132,A07,car,occupied
S534,P114,A08,car,available
S535,P117,A10,car,reserved
S536,P112,A11,ev,available
S537,P132,A12,car,reserved
S538,P125,A13,bike,reserved
S539,P114,A15,ev,available
S540,P104,A17,ev,reserved
S541,P104,A18,ev,occupied
S542,P117,A19,car,reserved
S543,P136,A20,ev,occupied
S544,P125,B01,car,reserved
S545,P116,A01,bike,reserved
S546,P112,A02,ev,available
S547,P106,A03,ev,reserved
S548,P111,A04,ev,available
S549,P122,A05,ev,available
S550,P126,A06,bike,occupied
S551,P105,A07,bike,reserved
S552,P123,A08,car,occupied
S553,P115,A10,ev,reserved
S554,P107,A11,bike,reserved
S555,P117,A12,car,available
S556,P102,A13,bike,occupied
S557,P102,A14,bike,occupied
S558,P110,A15,car,occupied
S559,P104,A16,ev,available
S560,P125,A17,ev,reserved
S561,P120,A18,bike,reserved
S562,P101,A19,bike,reserved
S563,P105,A20,bike,reserved
S564,P125,B02,car,reserved
S565,P118,B03,bike,available
S566,P130,B05,ev,available
S567,P126,B06,car,occupied
S568,P135,B07,car,available
S569,P139,B08,ev,occupied
S570,P128,B09,car,occupied
S571,P105,B10,ev,available
S572,P101,B11,bike,reserved
S573,P132,B12,car,occupied
S574,P125,B14,car,occupied
S575,P108,B16,bike,reserved
S576,P135,B17,bike,occupied
S577,P130,B19,bike,reserved
S578,P114,B20,ev,available
S579,P117,C01,ev,reserved
S580,P135,C02,bike,occupied
S581,P101,C03,ev,occupied
S582,P112,C05,ev,available
S583,P134,C06,car,occupied
S584,P134,C07,ev,reserved
S585,P136,C08,ev,reserved
S586,P112,C09,bike,reserved
S587,P135,C10,ev,available
S588,P113,C12,car,available
S589,P114,C14,car,reserved
S590,P102,C15,car,occupied
S591,P135,C16,ev,reserved
S592,P111,C17,ev,occupied
S593,P130,C18,car,available
S594,P104,D01,ev,available
S595,P139,D05,car,reserved
S596,P104,D06,ev,occupied
S597,P140,D07,ev,reserved
S598,P115,D08,bike,available
S599,P134,D09,ev,occupied
S600,P115,D11,bike,available
S601,P110,D12,car,reserved
S602,P140,D13,car,reserved
S603,P118,A02,bike,reserved
S604,P102,A03,bike,reserved
S605,P105,A04,car,reserved
S606,P135,A05,car,reserved
S607,P111,A06,bike,reserved
S608,P135,A07,car,reserved
S609,P117,A08,ev,occupied
S610,P104,A09,bike,available
S611,P120,A10,car,available
S612,P140,A11,ev,reserved
S613,P135,A12,bike,reserved
S614,P135,A13,ev,available
S615,P101,A15,bike,reserved
S616,P126,A16,ev,available
S617,P126,A18,car,available
S618,P108,A19,car,available
S619,P116,A20,ev,reserved
S620,P136,B01,car,reserved
S621,P121,B03,car,available
S622,P101,B05,ev,occupied
S623,P115,A01,bike,occupied
S624,P111,A02,bike,available
S625,P121,A03,bike,available
S626,P133,A04,bike,occupied
S627,P121,A06,bike,reserved
S628,P122,A08,bike,reserved
S629,P113,A09,bike,available
S630,P112,A11,bike,reserved
S631,P125,A12,bike,available
S632,P125,A13,bike,reserved
S633,P115,A14,bike,reserved
S634,P123,A15,bike,available
S635,P104,A16,bike,available
S636,P108,A17,bike,occupied
S637,P114,A18,bike,occupied
S638,P111,B01,bike,available
S639,P132,B02,bike,available
S640,P108,B05,bike,reserved
S641,P110,B06,bike,reserved
S642,P106,B08,bike,reserved
S643,P110,B09,bike,occupied
S644,P114,B10,bike,available
S645,P102,B12,bike,occupied
S646,P102,B14,bike,available
S647,P132,B15,bike,available
S648,P117,B17,bike,available
S649,P130,B18,bike,occupied
S650,P112,B19,bike,occupied
S651,P111,B20,bike,available
S652,P125,C02,bike,occupied
S653,P132,C03,bike,occupied
S654,P101,C04,bike,reserved
S655,P112,C05,bike,reserved
S656,P112,C06,bike,available
S657,P132,C07,bike,reserved
S658,P136,C09,bike,available
S659,P116,C10,bike,reserved
S660,P125,C11,bike,available
S661,P135,C12,bike,reserved
S662,P104,C13,bike,available
S663,P134,C14,bike,available
S664,P120,C15,bike,occupied
S665,P134,C16,bike,occupied
S666,P120,C17,bike,available
S667,P110,C19,bike,occupied
S668,P111,C20,bike,available
S669,P121,D01,bike,available
S670,P110,D02,bike,reserved
S671,P105,D03,bike,reserved
S672,P139,D05,bike,occupied
S673,P106,D06,bike,available
S674,P110,D07,bike,reserved
S675,P139,D08,bike,reserved
S676,P134,D09,bike,available
S677,P107,D10,bike,reserved
S678,P101,D11,bike,reserved
S679,P125,D12,bike,reserved
S680,P105,D13,bike,reserved
S681,P132,D14,bike,occupied
S682,P110,D15,bike,available
S683,P125,D16,bike,occupied
S684,P105,D17,bike,occupied
S685,P126,A02,car,reserved
S686,P104,A03,bike,occupied
S687,P112,A04,car,available
S688,P102,A06,bike,reserved
S689,P120,A07,bike,available
S690,P104,A08,car,available
S691,P126,A09,bike,available
S692,P118,A10,car,reserved
S693,P112,A11,ev,occupied
S694,P106,A12,car,reserved
S695,P102,A13,ev,reserved
S696,P136,A14,car,reserved
S697,P106,A15,bike,occupied
S698,P126,A16,ev,reserved
S699,P125,A17,bike,occupied
S700,P117,A18,ev,available
S701,P134,A19,ev,available
S702,P106,A20,car,available
S703,P115,B01,car,reserved
S704,P123,B03,car,reserved
S705,P113,B04,bike,occupied
S706,P116,B05,car,reserved
S707,P135,B06,car,available
S708,P107,B07,ev,occupied
S709,P123,B10,ev,occupied
S710,P102,B11,ev,available
S711,P122,B13,bike,available
S712,P116,B14,car,available
S713,P105,B15,ev,occupied
S714,P134,B16,car,reserved
S715,P133,B17,bike,available
S716,P111,B18,car,reserved
S717,P128,B19,bike,available
S718,P140,C02,bike,occupied
S719,P115,C03,bike,occupied
S720,P101,C04,bike,reserved
S721,P106,C05,car,available
S722,P115,C06,car,reserved
S723,P118,A01,ev,reserved
S724,P130,A02,car,reserved
S725,P140,A04,bike,occupied
S726,P139,A05,bike,occupied
S727,P121,A06,car,available
S728,P112,A07,bike,occupied
S729,P128,A08,bike,occupied
S730,P132,A09,ev,occupied
S731,P130,A11,bike,occupied
S732,P107,A12,ev,occupied
S733,P128,A14,bike,available
S734,P139,A15,car,reserved
S735,P102,A16,car,available
S736,P116,A17,bike,available
S737,P122,A18,car,reserved
S738,P125,A19,ev,occupied
S739,P134,A20,bike,occupied
S740,P135,B01,car,reserved
S741,P112,B03,ev,reserved
S742,P116,B04,bike,reserved
S743,P120,B05,bike,reserved
S744,P107,B07,bike,reserved
S745,P111,B08,bike,occupied
S746,P102,B09,ev,available
S747,P108,B10,ev,reserved
S748,P114,A01,bike,occupied
S749,P121,A02,bike,reserved
S750,P134,A04,bike,reserved
S751,P121,A06,bike,occupied
S752,P123,A07,bike,reserved
S753,P105,A08,bike,occupied
S754,P128,A09,bike,occupied
S755,P110,A10,bike,reserved
S756,P134,A11,bike,occupied
S757,P112,A12,bike,reserved
S758,P107,A13,bike,occupied
S759,P135,A15,bike,occupied
S760,P120,A16,bike,available
S761,P109,A18,bike,available
S762,P118,A19,bike,occupied
S763,P107,A20,bike,reserved
S764,P134,B01,bike,reserved
S765,P114,B03,bike,occupied
S766,P117,B04,bike,available
S767,P110,B05,bike,reserved
S768,P101,B06,bike,reserved
S769,P140,B07,bike,reserved
S770,P121,B08,bike,available
S771,P115,B09,bike,reserved
S772,P109,B10,bike,reserved
S773,P133,B11,bike,occupied
S774,P140,B12,bike,occupied
S775,P130,B13,bike,reserved
S776,P111,B14,bike,available
S777,P126,B15,bike,reserved
S778,P107,B16,bike,available
S779,P136,B19,bike,occupied
S780,P128,C01,bike,available
S781,P116,C02,bike,available
S782,P133,C03,bike,occupied
S783,P122,C04,bike,available
S784,P121,C05,bike,available
S785,P126,C06,bike,available
S786,P104,C07,bike,available
S787,P105,C08,bike,occupied
S788,P108,C09,bike,available
S789,P106,C10,bike,occupied
S790,P128,C13,bike,available
S791,P128,C14,bike,available
S792,P107,C17,bike,reserved
S793,P102,C18,bike,occupied
S794,P123,C19,bike,available
S795,P111,D01,bike,available
S796,P115,D02,bike,reserved
S797,P126,D03,bike,occupied
S798,P116,D04,bike,reserved
S799,P136,D05,bike,available
S800,P111,D06,bike,occupied
S801,P114,D07,bike,reserved
S802,P140,A01,car,occupied
S803,P113,A02,car,reserved
S804,P115,A03,car,reserved
S805,P112,A04,car,available
S806,P104,A05,car,occupied
S807,P101,A06,car,reserved
S808,P106,A07,car,occupied
S809,P102,A09,car,occupied
S810,P139,A10,car,occupied
S811,P104,A11,car,available
S812,P105,A13,car,reserved
S813,P135,A15,car,occupied
S814,P118,A16,car,occupied
S815,P107,A18,car,available
S816,P109,A19,car,occupied
S817,P107,A20,car,reserved
S818,P120,B02,car,available
S819,P118,B04,car,reserved
S820,P132,B05,car,reserved
S821,P112,B06,car,reserved
S822,P128,B07,car,available
S823,P121,B08,car,available
S824,P117,B11,car,occupied
S825,P107,B12,car,occupied
S826,P121,B13,car,available
S827,P123,B14,car,occupied
S828,P115,B15,car,reserved
S829,P122,B16,car,available
S830,P125,B17,car,available
S831,P105,B18,car,reserved
S832,P116,B19,car,reserved
S833,P132,B20,car,reserved
S834,P101,C01,car,available
S835,P110,C02,car,occupied
S836,P104,C03,car,available
S837,P126,C04,car,occupied
S838,P116,C06,car,occupied
S839,P128,C07,car,available
S840,P101,A01,bike,available
S841,P112,A02,bike,available
S842,P115,A03,bike,occupied
S843,P136,A04,bike,occupied
S844,P107,A05,bike,reserved
S845,P120,A06,bike,reserved
S846,P111,A07,bike,available
S847,P112,A09,bike,occupied
S848,P116,A13,bike,reserved
S849,P106,A14,bike,occupied
S850,P109,A15,bike,reserved
S851,P132,A16,bike,occupied
S852,P135,A17,bike,occupied
S853,P136,A18,bike,reserved
S854,P104,A19,bike,reserved
S855,P132,A20,bike,occupied
S856,P113,B01,bike,reserved
S857,P105,A01,bike,reserved
S858,P121,A02,ev,occupied
S859,P122,A03,car,occupied
S860,P123,A04,bike,occupied
S861,P140,A05,car,available
S862,P102,A07,bike,reserved
S863,P125,A08,car,reserved
S864,P136,A09,ev,available
S865,P115,A10,ev,reserved
S866,P108,A11,ev,available
S867,P133,A12,ev,available
S868,P132,A14,ev,occupied
S869,P111,A15,ev,available
S870,P112,A16,car,occupied
S871,P104,A19,car,reserved
S872,P108,B01,bike,available
S873,P110,B02,ev,occupied
S874,P134,B03,bike,occupied
S875,P130,B04,ev,reserved
S876,P114,B05,car,occupied
S877,P110,B06,ev,reserved
S878,P121,A01,bike,available
S879,P133,A02,ev,occupied
S880,P107,A03,bike,occupied
S881,P112,A05,bike,reserved
S882,P105,A06,bike,occupied
S883,P112,A07,bike,available
S884,P123,A08,ev,available
S885,P109,A09,bike,available
S886,P110,A10,ev,reserved
S887,P135,A15,bike,available
S888,P106,A16,ev,reserved
S889,P130,A17,ev,available
S890,P101,A18,car,available
S891,P125,A19,ev,available
S892,P106,A20,ev,occupied
S893,P132,B01,bike,occupied
S894,P117,B02,bike,occupied
S895,P117,B05,bike,occupied
S896,P128,B06,bike,reserved
S897,P106,B07,car,occupied
S898,P102,B08,bike,reserved
S899,P125,B09,ev,occupied
S900,P104,B10,ev,occupied
S901,P123,B11,ev,available
S902,P121,B12,bike,reserved
S903,P109,B13,bike,occupied
S904,P101,B14,bike,reserved
S905,P120,B15,bike,available
S906,P136,B16,ev,reserved
S907,P130,B17,car,available
S908,P107,B18,ev,available
S909,P135,B19,bike,reserved
S910,P140,C01,car,reserved
S911,P116,C02,ev,available
S912,P118,C04,bike,occupied
S913,P113,A01,ev,reserved
S914,P118,A02,ev,reserved
S915,P101,A03,ev,available
S916,P114,A04,ev,occupied
S917,P140,A05,bike,reserved
S918,P135,A06,car,occupied
S919,P118,A07,car,occupied
S920,P109,A08,ev,available
S921,P104,A09,bike,available
S922,P126,A11,car,reserved
S923,P122,A12,car,available
S924,P135,A13,car,reserved
S925,P101,A14,car,available
S926,P122,A15,car,occupied
S927,P104,A16,bike,occupied
S928,P126,A17,ev,available
S929,P112,A18,car,reserved
S930,P130,A19,bike,available
S931,P120,B01,ev,occupied
S932,P120,B02,ev,reserved
S933,P125,B05,ev,available
S934,P104,B06,bike,available
S935,P126,B07,bike,available
S936,P108,B08,bike,available
S937,P128,B09,car,available
S938,P110,B10,car,reserved
S939,P113,B11,ev,available
S940,P136,B12,ev,reserved
S941,P111,B14,car,available
S942,P102,B16,car,available
S943,P113,B17,car,available
S944,P106,B20,bike,available
S945,P136,C01,car,reserved
S946,P110,C02,ev,occupied
S947,P123,A01,ev,available
S948,P107,A02,ev,available
S949,P140,A05,ev,reserved
S950,P108,A06,ev,reserved
S951,P133,A08,ev,occupied
S952,P109,A09,ev,occupied
S953,P118,A10,ev,available
S954,P120,A11,ev,reserved
S955,P133,A12,ev,reserved
S956,P117,A13,ev,reserved
S957,P118,A15,ev,reserved
S958,P135,A16,ev,occupied
S959,P135,A18,ev,available
S960,P104,A19,ev,occupied
S961,P108,B01,ev,occupied
S962,P139,B02,ev,reserved
S963,P106,B03,ev,reserved
S964,P106,B04,ev,reserved
S965,P123,B05,ev,occupied
S966,P128,B06,ev,available
S967,P109,B07,ev,reserved
S968,P109,B09,ev,occupied
S969,P126,B10,ev,occupied
S970,P106,B11,ev,occupied
S971,P113,B12,ev,reserved
S972,P115,B13,ev,occupied
S973,P117,B14,ev,reserved
S974,P104,B15,ev,available
S975,P113,B16,ev,occupied
S976,P102,B18,ev,reserved
S977,P135,B19,ev,available
S978,P112,B20,ev,reserved
S979,P139,C01,ev,available
S980,P126,C02,ev,occupied
S981,P139,C04,ev,available
S982,P122,C06,ev,reserved
S983,P120,C07,ev,occupied
S984,P121,C08,ev,occupied
S985,P128,C09,ev,occupied
S986,P123,C10,ev,reserved
S987,P116,C11,ev,available
S988,P112,C12,ev,occupied
S989,P116,C13,ev,occupied
S990,P109,C14,ev,occupied
S991,P115,C15,ev,available
S992,P107,C16,ev,occupied
S993,P110,C17,ev,available
S994,P134,C18,ev,available
S995,P114,C19,ev,occupied
S996,P123,C20,ev,reserved
S997,P125,D01,ev,reserved
S998,P136,D02,ev,occupied
S999,P109,D03,ev,occupied
S1000,P110,D04,ev,occupied
S1001,P108,A01,car,available
S1002,P135,A02,car,occupied
S1003,P133,A03,car,available
S1004,P105,A04,car,occupied
S1005,P134,A05,car,available
S1006,P110,A06,car,occupied
S1007,P111,A07,car,reserved
S1008,P107,A08,car,reserved
S1009,P139,A10,car,available
S1010,P106,A11,car,reserved
S1011,P139,A12,car,available
S1012,P121,A13,car,available
S1013,P123,A14,car,occupied
S1014,P116,A15,car,available
S1015,P111,A16,car,reserved
S1016,P132,A17,car,reserved
S1017,P115,A19,car,available
S1018,P125,B02,car,available
S1019,P136,B04,car,available
S1020,P134,B05,car,reserved
S1021,P107,B07,car,available
S1022,P111,B08,car,occupied
S1023,P121,B09,car,occupied
S1024,P135,B10,car,available
S1025,P140,B12,car,occupied
S1026,P115,B13,car,reserved
S1027,P114,B14,car,available
S1028,P120,A01,ev,available
S1029,P123,A03,ev,available
S1030,P101,A04,ev,occupied
S1031,P140,A05,ev,available
S1032,P136,A06,ev,occupied
S1033,P110,A07,ev,available
S1034,P105,A09,ev,available
S1035,P120,A10,ev,occupied
S1036,P112,A11,ev,available
S1037,P102,A12,ev,reserved
S1038,P107,A13,ev,available
S1039,P134,A14,ev,reserved
S1040,P104,A15,ev,available
S1041,P107,A16,ev,occupied
S1042,P126,A17,ev,available
S1043,P140,A18,ev,reserved
S1044,P102,A19,ev,occupied
S1045,P128,B01,ev,occupied
S1046,P105,B02,ev,available
S1047,P104,B03,ev,reserved
S1048,P125,B04,ev,occupied
S1049,P132,B05,ev,available
S1050,P111,B07,ev,available
S1051,P118,B08,ev,occupied
S1052,P105,B10,ev,occupied
S1053,P126,B11,ev,reserved
S1054,P112,B12,ev,reserved
S1055,P105,B14,ev,occupied
S1056,P112,B16,ev,occupied
S1057,P133,B17,ev,occupied
S1058,P117,B18,ev,reserved
S1059,P110,B19,ev,reserved
S1060,P128,B20,ev,available
S1061,P121,C01,ev,occupied
S1062,P125,C02,ev,reserved
S1063,P128,C04,ev,reserved
S1064,P110,C06,ev,reserved
S1065,P135,C07,ev,occupied
S1066,P121,C08,ev,reserved
S1067,P122,C10,ev,reserved
S1068,P121,C11,ev,reserved
S1069,P101,C12,ev,occupied
S1070,P115,C13,ev,available
S1071,P109,C15,ev,reserved
S1072,P113,C16,ev,available
S1073,P122,C17,ev,available
S1074,P113,C18,ev,occupied
S1075,P102,C20,ev,reserved
S1076,P136,D02,ev,available
S1077,P112,D03,ev,reserved
S1078,P112,D04,ev,available
S1079,P126,D05,ev,reserved
S1080,P126,D06,ev,occupied
S1081,P107,D07,ev,available
S1082,P121,D09,ev,available
S1083,P125,D10,ev,available
S1084,P112,D11,ev,reserved
S1085,P133,D12,ev,occupied
S1086,P107,D13,ev,occupied
S1087,P121,D14,ev,reserved
S1088,P105,D16,ev,reserved
S1089,P104,D18,ev,occupied
S1090,P102,A02,bike,available
S1091,P126,A03,bike,reserved
S1092,P136,A04,bike,occupied
S1093,P114,A05,bike,occupied
S1094,P117,A06,bike,occupied
S1095,P140,A07,bike,available
S1096,P106,A08,bike,reserved
S1097,P111,A09,bike,occupied
S1098,P120,A10,bike,occupied
S1099,P108,A12,bike,reserved
S1100,P120,A14,bike,reserved
S1101,P109,A15,bike,occupied
S1102,P130,A16,bike,reserved
S1103,P108,A18,bike,occupied
S1104,P105,A19,bike,available
S1105,P109,A20,bike,reserved
S1106,P101,B01,bike,occupied
S1107,P126,B02,bike,available
S1108,P117,B03,bike,available
S1109,P122,B04,bike,reserved
S1110,P106,B05,bike,occupied
S1111,P102,B06,bike,reserved
S1112,P106,B09,bike,available
S1113,P121,B10,bike,reserved
S1114,P113,B12,bike,available
S1115,P135,B13,bike,available
S1116,P122,B14,bike,occupied
S1117,P139,B15,bike,occupied
S1118,P136,A01,bike,available
S1119,P116,A03,bike,available
S1120,P106,A04,bike,occupied
S1121,P117,A05,bike,occupied
S1122,P125,A06,bike,reserved
S1123,P126,A08,bike,available
S1124,P125,A10,bike,reserved
S1125,P132,A11,bike,reserved
S1126,P136,A12,bike,occupied
S1127,P115,A13,bike,available
S1128,P139,A15,bike,reserved
S1129,P128,A16,bike,occupied
S1130,P128,A17,bike,occupied
S1131,P115,A18,bike,available
S1132,P132,A19,bike,occupied
S1133,P136,A20,bike,reserved
S1134,P125,B01,bike,occupied
S1135,P117,B02,bike,occupied
S1136,P136,B03,bike,available
S1137,P125,B04,bike,reserved
S1138,P117,B06,bike,occupied
S1139,P123,B07,bike,occupied
S1140,P123,B09,bike,reserved
S1141,P121,B10,bike,reserved
S1142,P102,B11,bike,available
S1143,P102,B13,bike,occupied
S1144,P109,B15,bike,reserved
S1145,P130,B16,bike,occupied
S1146,P114,B17,bike,reserved
S1147,P123,B18,bike,available
S1148,P113,C01,bike,occupied
S1149,P118,C02,bike,available
S1150,P140,C03,bike,available
S1151,P112,C04,bike,reserved
S1152,P115,C06,bike,available
S1153,P108,C07,bike,available
S1154,P115,C08,bike,reserved
S1155,P108,C09,bike,reserved
S1156,P136,C10,bike,reserved
S1157,P110,C11,bike,occupied
S1158,P135,C12,bike,occupied
S1159,P135,C13,bike,available
S1160,P126,C14,bike,reserved
S1161,P134,C15,bike,available
S1162,P125,C16,bike,available
S1163,P139,A01,car,reserved
S1164,P123,A04,car,reserved
S1165,P112,A05,car,reserved
S1166,P136,A06,car,occupied
S1167,P110,A07,car,reserved
S1168,P130,A08,car,reserved
S1169,P118,A10,car,occupied
S1170,P125,A12,car,occupied
S1171,P125,A13,car,reserved
S1172,P102,A14,car,available
S1173,P113,A15,car,reserved
S1174,P109,A16,car,occupied
S1175,P140,A17,car,occupied
S1176,P135,A18,car,available
S1177,P121,A19,car,available
S1178,P126,A20,car,occupied
S1179,P105,B01,car,available
S1180,P120,B02,car,available
S1181,P104,B03,car,reserved
S1182,P115,B05,car,reserved
S1183,P106,B06,car,occupied
S1184,P136,A01,car,available
S1185,P136,A02,car,reserved
S1186,P140,A03,bike,reserved
S1187,P112,A04,car,reserved
S1188,P114,A07,ev,reserved
S1189,P125,A09,ev,available
S1190,P135,A10,bike,occupied
S1191,P133,A11,bike,available
S1192,P128,A12,ev,occupied
S1193,P110,A13,ev,available
S1194,P107,A14,ev,occupied
S1195,P135,A15,bike,reserved
S1196,P140,A17,bike,available
S1197,P114,A18,car,occupied
S1198,P112,A19,ev,reserved
S1199,P135,B01,bike,available
S1200,P139,B02,bike,available
S1201,P128,B03,car,available
S1202,P139,B04,ev,reserved
S1203,P132,A01,car,occupied
S1204,P140,A02,car,reserved
S1205,P116,A03,car,occupied
S1206,P105,A04,car,occupied
S1207,P130,A05,car,occupied
S1208,P139,A09,car,reserved
S1209,P107,A10,car,occupied
S1210,P109,A11,car,reserved
S1211,P107,A12,car,available
S1212,P122,A13,car,reserved
S1213,P123,A14,car,occupied
S1214,P128,A15,car,available
S1215,P128,A02,ev,reserved
S1216,P114,A03,bike,occupied
S1217,P113,A04,ev,reserved
S1218,P102,A05,car,reserved
S1219,P121,A07,bike,occupied
S1220,P101,A08,car,reserved
S1221,P118,A09,ev,available
S1222,P116,A10,bike,occupied
S1223,P113,A11,car,occupied
S1224,P132,A12,bike,available
S1225,P123,A13,bike,occupied
S1226,P126,A14,bike,occupied
S1227,P107,A15,ev,available
S1228,P132,A16,car,reserved
S1229,P121,A17,car,available
S1230,P116,A19,car,occupied
S1231,P132,A20,bike,reserved
S1232,P139,B01,ev,reserved
S1233,P122,B02,car,reserved
S1234,P126,B03,ev,occupied
S1235,P113,B04,car,occupied
S1236,P121,B05,car,occupied
S1237,P116,B07,bike,reserved
S1238,P108,B08,bike,available
S1239,P135,B09,ev,occupied
S1240,P110,B10,bike,reserved
S1241,P113,B11,bike,occupied
S1242,P130,B12,car,reserved
S1243,P140,B13,car,available
S1244,P115,B14,bike,reserved
S1245,P134,B16,ev,occupied
S1246,P116,B18,car,available
S1247,P135,B19,ev,reserved
S1248,P117,B20,bike,occupied
S1249,P102,C03,bike,occupied
S1250,P108,C04,bike,available
S1251,P104,C06,bike,available
S1252,P128,C07,ev,occupied
S1253,P109,C08,ev,reserved
S1254,P125,C09,ev,occupied
S1255,P134,C11,ev,reserved
S1256,P102,C13,bike,reserved
S1257,P118,C14,car,available
S1258,P101,C15,bike,occupied
S1259,P106,C18,car,occupied
S1260,P117,C20,bike,occupied
S1261,P134,D01,ev,reserved
S1262,P102,D02,ev,reserved
S1263,P109,D03,bike,reserved
S1264,P136,D04,ev,reserved
S1265,P107,D05,car,occupied
S1266,P128,D06,bike,reserved
S1267,P118,D07,car,occupied
S1268,P106,D08,ev,reserved
S1269,P139,D09,ev,available
S1270,P102,D10,car,occupied
S1271,P136,D11,bike,available
S1272,P132,D12,ev,available
