users_id,name,email,password,phone,vehicle_type,created_at
U101,Nikhil Deshmukh,nikhil.deshmukh0@example.com,Nikhil@123,9639444511,car,2025-01-23T00:00:00
U102,Sai Joshi,sai.joshi1@example.com,Sai@123,9276791198,bike,2025-08-02T00:00:00
U103,Ishaan Chopra,ishaan.chopra2@example.com,Ishaan@123,9799664353,bike,2025-04-24T00:00:00
U104,Diya Verma,diya.verma3@example.com,Diya@123,9550667066,bike,2025-07-20T00:00:00
U105,Vikram Chatterjee,vikram.chatterjee4@example.com,Vikram@123,9112542658,car,2025-03-11T00:00:00
U106,Manish Chatterjee,manish.chatterjee5@example.com,Manish@123,9218639995,bike,2025-07-27T00:00:00
U107,Vikram Iyer,vikram.iyer6@example.com,Vikram@123,9209649253,bike,2025-07-19T00:00:00
U108,Anika Kapoor,anika.kapoor7@example.com,Anika@123,9724836191,car,2025-04-08T00:00:00
U109,Aisha Sharma,aisha.sharma8@example.com,Aisha@123,9279798086,ev,2025-01-20T00:00:00
U110,Sneha Verma,sneha.verma9@example.com,Sneha@123,9743866415,bike,2025-06-29T00:00:00
U111,Kiara Joshi,kiara.joshi10@example.com,Kiara@123,9490452277,car,2025-02-08T00:00:00
U112,Aditya Chauhan,aditya.chauhan11@example.com,Aditya@123,9172782596,car,2025-04-04T00:00:00
U113,Myra Reddy,myra.reddy12@example.com,Myra@123,9218995036,car,2025-04-22T00:00:00
U114,Tanvi Kumar,tanvi.kumar13@example.com,Tanvi@123,9382363801,car,2025-07-25T00:00:00
U115,Ishaan Naidu,ishaan.naidu14@example.com,Ishaan@123,9964256002,ev,2025-07-18T00:00:00
U116,Krishna Ahmed,krishna.ahmed15@example.com,Krishna@123,9637242497,car,2025-05-06T00:00:00
U117,Manish Kulkarni,manish.kulkarni16@example.com,Manish@123,9750990371,bike,2025-02-12T00:00:00
U118,Pooja Patel,pooja.patel17@example.com,Pooja@123,9105859928,ev,2025-07-27T00:00:00
U119,Shreya Bhat,shreya.bhat18@example.com,Shreya@123,9263321405,ev,2025-07-20T00:00:00
U120,Krishna Chauhan,krishna.chauhan19@example.com,Krishna@123,9488871905,car,2025-04-18T00:00:00
U121,Ishita Singh,ishita.singh20@example.com,Ishita@123,9116053105,ev,2025-03-13T00:00:00
U122,Vivaan Agarwal,vivaan.agarwal21@example.com,Vivaan@123,9846485752,bike,2025-04-17T00:00:00
U123,Nikhil Deshmukh,nikhil.deshmukh22@example.com,Nikhil@123,9309376667,bike,2025-06-17T00:00:00
U124,Sanjay Kulkarni,sanjay.kulkarni23@example.com,Sanjay@123,9645414237,car,2025-06-14T00:00:00
U125,Arjun Ahmed,arjun.ahmed24@example.com,Arjun@123,9642796440,ev,2025-02-07T00:00:00
U126,Myra Singh,myra.singh25@example.com,Myra@123,9436765638,ev,2025-02-06T00:00:00
U127,Ishita Chopra,ishita.chopra26@example.com,Ishita@123,9686737922,ev,2025-03-10T00:00:00
U128,Shreya Malhotra,shreya.malhotra27@example.com,Shreya@123,9508507193,car,2025-03-09T00:00:00
U129,Nikhil Malhotra,nikhil.malhotra28@example.com,Nikhil@123,9312996126,car,2025-07-02T00:00:00
U130,Neha Khan,neha.khan29@example.com,Neha@123,9963229112,bike,2025-02-05T00:00:00
U131,Pooja Gupta,pooja.gupta30@example.com,Pooja@123,9527878911,ev,2025-05-13T00:00:00
U132,Amit Sharma,amit.sharma31@example.com,Amit@123,9273071197,bike,2025-06-28T00:00:00
U133,Zara Singh,zara.singh32@example.com,Zara@123,9931025682,bike,2025-02-12T00:00:00
U134,Pooja Joshi,pooja.joshi33@example.com,Pooja@123,9638703676,bike,2025-02-17T00:00:00
U135,Rohan Bose,rohan.bose34@example.com,Rohan@123,9619674082,car,2025-02-14T00:00:00
U136,Imran Joshi,imran.joshi35@example.com,Imran@123,9586255709,bike,2025-01-19T00:00:00
U137,Tanvi Malhotra,tanvi.malhotra36@example.com,Tanvi@123,9275339653,ev,2025-02-18T00:00:00
U138,Aisha Rao,aisha.rao37@example.com,Aisha@123,9486333695,bike,2025-05-13T00:00:00
U139,Ankit Iyer,ankit.iyer38@example.com,Ankit@123,9822791182,bike,2025-04-03T00:00:00
U140,Myra Kapoor,myra.kapoor39@example.com,Myra@123,9554073612,car,2025-06-22T00:00:00
U141,Navya Bansal,navya.bansal40@example.com,Navya@123,9582862218,bike,2025-01-23T00:00:00
U142,Myra Chauhan,myra.chauhan41@example.com,Myra@123,9900204924,bike,2025-03-03T00:00:00
U143,Nikhil Shaikh,nikhil.shaikh42@example.com,Nikhil@123,9678309633,ev,2025-05-09T00:00:00
U144,Vikram Chatterjee,vikram.chatterjee43@example.com,Vikram@123,9354050346,car,2025-01-24T00:00:00
U145,Zara Chopra,zara.chopra44@example.com,Zara@123,9933235654,bike,2025-04-29T00:00:00
U146,Diya Naidu,diya.naidu45@example.com,Diya@123,9183988903,car,2025-06-30T00:00:00
U147,Neha Malhotra,neha.malhotra46@example.com,Neha@123,9463683418,bike,2025-07-18T00:00:00
U148,Amit Iyer,amit.iyer47@example.com,Amit@123,9853417937,ev,2025-07-02T00:00:00
U149,Navya Khan,navya.khan48@example.com,Navya@123,9981613611,car,2025-05-10T00:00:00
U150,Imran Reddy,imran.reddy49@example.com,Imran@123,9801529785,car,2025-05-18T00:00:00
U151,Myra Bhat,myra.bhat50@example.com,Myra@123,9801096718,bike,2025-06-29T00:00:00
U152,Zara Khan,zara.khan51@example.com,Zara@123,9582461231,car,2025-07-27T00:00:00
U153,Aisha Joshi,aisha.joshi52@example.com,Aisha@123,9871814928,ev,2025-06-20T00:00:00
U154,Zara Rao,zara.rao53@example.com,Zara@123,9446580545,car,2025-03-05T00:00:00
U155,Sai Menon,sai.menon54@example.com,Sai@123,9339816985,car,2025-04-11T00:00:00
U156,Sanjay Kulkarni,sanjay.kulkarni55@example.com,Sanjay@123,9248608658,car,2025-04-08T00:00:00
U157,Ishita Deshmukh,ishita.deshmukh56@example.com,Ishita@123,9404413210,ev,2025-03-29T00:00:00
U158,Pooja Naidu,pooja.naidu57@example.com,Pooja@123,9763250155,ev,2025-03-21T00:00:00
U159,Imran Mukherjee,imran.mukherjee58@example.com,Imran@123,9264624215,bike,2025-06-01T00:00:00
U160,Divya Chatterjee,divya.chatterjee59@example.com,Divya@123,9813476760,bike,2025-07-23T00:00:00
U161,Manish Iyer,manish.iyer60@example.com,Manish@123,9868771568,bike,2025-04-21T00:00:00
U162,Anika Nair,anika.nair61@example.com,Anika@123,9514447346,car,2025-05-02T00:00:00
U163,Saanvi Chatterjee,saanvi.chatterjee62@example.com,Saanvi@123,9540327671,car,2025-05-25T00:00:00
U164,Sneha Chauhan,sneha.chauhan63@example.com,Sneha@123,9597734161,ev,2025-05-01T00:00:00
U165,Diya Reddy,diya.reddy64@example.com,Diya@123,9165220371,car,2025-03-13T00:00:00
U166,Aisha Iyer,aisha.iyer65@example.com,Aisha@123,9131632454,ev,2025-02-24T00:00:00
U167,Ankit Chauhan,ankit.chauhan66@example.com,Ankit@123,9552974408,ev,2025-07-06T00:00:00
U168,Shreya Menon,shreya.menon67@example.com,Shreya@123,9957259982,car,2025-05-17T00:00:00
U169,Saanvi Menon,saanvi.menon68@example.com,Saanvi@123,9659684690,car,2025-06-09T00:00:00
U170,Pooja Patel,pooja.patel69@example.com,Pooja@123,9570904706,bike,2025-07-21T00:00:00
U171,Aarav Kulkarni,aarav.kulkarni70@example.com,Aarav@123,9252455974,ev,2025-06-24T00:00:00
U172,Ishaan Iyer,ishaan.iyer71@example.com,Ishaan@123,9500667678,car,2025-06-20T00:00:00
U173,Vihaan Khan,vihaan.khan72@example.com,Vihaan@123,9938234284,bike,2025-07-23T00:00:00
U174,Ishaan Joshi,ishaan.joshi73@example.com,Ishaan@123,9749670911,bike,2025-05-13T00:00:00
U175,Reyansh Chopra,reyansh.chopra74@example.com,Reyansh@123,9654549129,car,2025-02-09T00:00:00
U176,Nikhil Menon,nikhil.menon75@example.com,Nikhil@123,9608455549,bike,2025-04-20T00:00:00
U177,Aisha Rao,aisha.rao76@example.com,Aisha@123,9711348635,bike,2025-04-29T00:00:00
U178,Diya Verma,diya.verma77@example.com,Diya@123,9928105973,bike,2025-06-23T00:00:00
U179,Aisha Singh,aisha.singh78@example.com,Aisha@123,9312137730,car,2025-05-14T00:00:00
U180,Sanjay Naidu,sanjay.naidu79@example.com,Sanjay@123,9207760229,car,2025-06-08T00:00:00
U181,Nikhil Joshi,nikhil.joshi80@example.com,Nikhil@123,9178938110,ev,2025-06-09T00:00:00
U182,Vihaan Kumar,vihaan.kumar81@example.com,Vihaan@123,9929461118,car,2025-06-18T00:00:00
U183,Nikhil Menon,nikhil.menon82@example.com,Nikhil@123,9764408188,car,2025-07-13T00:00:00
U184,Myra Singh,myra.singh83@example.com,Myra@123,9671047693,ev,2025-03-10T00:00:00
U185,Priya Shaikh,priya.shaikh84@example.com,Priya@123,9578977137,ev,2025-03-18T00:00:00
U186,Tanvi Nair,tanvi.nair85@example.com,Tanvi@123,9233005034,ev,2025-05-06T00:00:00
U187,Vikram Rao,vikram.rao86@example.com,Vikram@123,9494113632,bike,2025-02-09T00:00:00
U188,Ishita Chopra,ishita.chopra87@example.com,Ishita@123,9258399549,ev,2025-05-05T00:00:00
U189,Karan Menon,karan.menon88@example.com,Karan@123,9424704689,ev,2025-06-20T00:00:00
U190,Tanvi Verma,tanvi.verma89@example.com,Tanvi@123,9225935304,ev,2025-03-31T00:00:00
U191,Reyansh Chauhan,reyansh.chauhan90@example.com,Reyansh@123,9745984211,car,2025-04-09T00:00:00
U192,Aadhya Iyer,aadhya.iyer91@example.com,Aadhya@123,9206630719,ev,2025-07-09T00:00:00
U193,Sai Patel,sai.patel92@example.com,Sai@123,9673366494,car,2025-04-20T00:00:00
U194,Diya Khan,diya.khan93@example.com,Diya@123,9629432199,car,2025-05-03T00:00:00
U195,Ananya Sharma,ananya.sharma94@example.com,Ananya@123,9111072417,bike,2025-06-08T00:00:00
U196,Ritu Kulkarni,ritu.kulkarni95@example.com,Ritu@123,9488171433,ev,2025-03-15T00:00:00
U197,Aisha Menon,aisha.menon96@example.com,Aisha@123,9498082713,car,2025-04-28T00:00:00
U198,Kiara Menon,kiara.menon97@example.com,Kiara@123,9926597704,ev,2025-05-03T00:00:00
U199,Riya Kulkarni,riya.kulkarni98@example.com,Riya@123,9199529569,bike,2025-01-23T00:00:00
U200,Arjun Deshmukh,arjun.deshmukh99@example.com,Arjun@123,9891280020,car,2025-06-19T00:00:00
U201,Anika Malhotra,anika.malhotra100@example.com,Anika@123,9853206920,ev,2025-05-28T00:00:00
U202,Ankit Deshmukh,ankit.deshmukh101@example.com,Ankit@123,9999194256,car,2025-02-11T00:00:00
U203,Karan Singh,karan.singh102@example.com,Karan@123,9685112513,ev,2025-05-31T00:00:00
U204,Kiara Joshi,kiara.joshi103@example.com,Kiara@123,9907330057,car,2025-03-05T00:00:00
U205,Navya Kapoor,navya.kapoor104@example.com,Navya@123,9316745251,car,2025-07-04T00:00:00
U206,Arjun Verma,arjun.verma105@example.com,Arjun@123,9799091145,car,2025-01-17T00:00:00
U207,Ishita Shaikh,ishita.shaikh106@example.com,Ishita@123,9919574403,ev,2025-07-15T00:00:00
U208,Nikhil Agarwal,nikhil.agarwal107@example.com,Nikhil@123,9132546439,bike,2025-02-15T00:00:00
U209,Ritu Singh,ritu.singh108@example.com,Ritu@123,9146492125,bike,2025-07-30T00:00:00
U210,Ishita Kulkarni,ishita.kulkarni109@example.com,Ishita@123,9821333628,bike,2025-03-13T00:00:00
U211,Navya Pillai,navya.pillai110@example.com,Navya@123,9864467957,ev,2025-05-28T00:00:00
U212,Zara Rao,zara.rao111@example.com,Zara@123,9820867467,car,2025-02-08T00:00:00
U213,Shreya Verma,shreya.verma112@example.com,Shreya@123,9794897558,bike,2025-06-27T00:00:00
U214,Rahul Shaikh,rahul.shaikh113@example.com,Rahul@123,9854182195,bike,2025-04-16T00:00:00
U215,Vivaan Gupta,vivaan.gupta114@example.com,Vivaan@123,9281603899,car,2025-06-03T00:00:00
U216,Nikhil Ahmed,nikhil.ahmed115@example.com,Nikhil@123,9554077890,car,2025-05-04T00:00:00
U217,Navya Ahmed,navya.ahmed116@example.com,Navya@123,9667010659,car,2025-04-14T00:00:00
U218,Diya Naidu,diya.naidu117@example.com,Diya@123,9239691692,ev,2025-01-25T00:00:00
U219,Ritu Agarwal,ritu.agarwal118@example.com,Ritu@123,9273737341,bike,2025-02-03T00:00:00
U220,Diya Ahmed,diya.ahmed119@example.com,Diya@123,9738914226,bike,2025-06-13T00:00:00
U221,Zara Gupta,zara.gupta120@example.com,Zara@123,9650389244,bike,2025-01-29T00:00:00
U222,Neha Bose,neha.bose121@example.com,Neha@123,9654678072,bike,2025-02-27T00:00:00
U223,Rahul Deshmukh,rahul.deshmukh122@example.com,Rahul@123,9895731139,car,2025-04-07T00:00:00
U224,Ananya Chatterjee,ananya.chatterjee123@example.com,Ananya@123,9255815061,bike,2025-06-18T00:00:00
U225,Zara Menon,zara.menon124@example.com,Zara@123,9265179905,ev,2025-05-13T00:00:00
U226,Sanjay Kapoor,sanjay.kapoor125@example.com,Sanjay@123,9512704577,ev,2025-03-06T00:00:00
U227,Aditya Rao,aditya.rao126@example.com,Aditya@123,9672767507,car,2025-04-14T00:00:00
U228,Rahul Iyer,rahul.iyer127@example.com,Rahul@123,9230617228,bike,2025-05-03T00:00:00
U229,Krishna Chauhan,krishna.chauhan128@example.com,Krishna@123,9371208368,bike,2025-05-02T00:00:00
U230,Farhan Kapoor,farhan.kapoor129@example.com,Farhan@123,9729798349,car,2025-04-13T00:00:00
U231,Sneha Rao,sneha.rao130@example.com,Sneha@123,9946534967,bike,2025-04-17T00:00:00
U232,Vihaan Reddy,vihaan.reddy131@example.com,Vihaan@123,9557517463,ev,2025-07-16T00:00:00
U233,Pooja Shaikh,pooja.shaikh132@example.com,Pooja@123,9526751855,bike,2025-07-28T00:00:00
U234,Ritu Chauhan,ritu.chauhan133@example.com,Ritu@123,9220685148,car,2025-02-02T00:00:00
U235,Aadhya Iyer,aadhya.iyer134@example.com,Aadhya@123,9653228232,ev,2025-04-10T00:00:00
U236,Ishaan Agarwal,ishaan.agarwal135@example.com,Ishaan@123,9460705560,bike,2025-05-21T00:00:00
U237,Ritu Bansal,ritu.bansal136@example.com,Ritu@123,9238099323,ev,2025-04-06T00:00:00
U238,Zara Singh,zara.singh137@example.com,Zara@123,9954228422,car,2025-05-12T00:00:00
U239,Shreya Malhotra,shreya.malhotra138@example.com,Shreya@123,9928411386,car,2025-01-22T00:00:00
U240,Ananya Menon,ananya.menon139@example.com,Ananya@123,9529547881,ev,2025-04-19T00:00:00
U241,Aarav Khan,aarav.khan140@example.com,Aarav@123,9185717905,bike,2025-05-09T00:00:00
U242,Sai Nair,sai.nair141@example.com,Sai@123,9630742916,car,2025-06-04T00:00:00
U243,Manish Singh,manish.singh142@example.com,Manish@123,9628435093,ev,2025-05-25T00:00:00
U244,Rohan Naidu,rohan.naidu143@example.com,Rohan@123,9321655996,ev,2025-06-21T00:00:00
U245,Riya Pillai,riya.pillai144@example.com,Riya@123,9277275771,ev,2025-04-11T00:00:00
U246,Navya Bose,navya.bose145@example.com,Navya@123,9573738995,bike,2025-03-28T00:00:00
U247,Aisha Nair,aisha.nair146@example.com,Aisha@123,9827470366,bike,2025-06-11T00:00:00
U248,Divya Kumar,divya.kumar147@example.com,Divya@123,9215441123,bike,2025-07-18T00:00:00
U249,Saanvi Agarwal,saanvi.agarwal148@example.com,Saanvi@123,9760052757,ev,2025-04-29T00:00:00
U250,Farhan Bhat,farhan.bhat149@example.com,Farhan@123,9321329671,car,2025-03-18T00:00:00
U251,Arjun Iyer,arjun.iyer150@example.com,Arjun@123,9544727481,bike,2025-01-26T00:00:00
U252,Amit Agarwal,amit.agarwal151@example.com,Amit@123,9164853232,ev,2025-06-28T00:00:00
U253,Navya Kapoor,navya.kapoor152@example.com,Navya@123,9150011124,car,2025-05-08T00:00:00
U254,Riya Bhat,riya.bhat153@example.com,Riya@123,9400717035,bike,2025-06-10T00:00:00
U255,Ankit Ahmed,ankit.ahmed154@example.com,Ankit@123,9382504032,ev,2025-07-14T00:00:00
U256,Zara Chopra,zara.chopra155@example.com,Zara@123,9493005739,car,2025-06-29T00:00:00
U257,Ritu Khan,ritu.khan156@example.com,Ritu@123,9473689029,bike,2025-03-30T00:00:00
U258,Neha Chatterjee,neha.chatterjee157@example.com,Neha@123,9315479185,ev,2025-05-15T00:00:00
U259,Sneha Das,sneha.das158@example.com,Sneha@123,9557479177,bike,2025-03-28T00:00:00
U260,Rahul Chopra,rahul.chopra159@example.com,Rahul@123,9168949449,car,2025-08-02T00:00:00
U261,Myra Ahmed,myra.ahmed160@example.com,Myra@123,9482023557,bike,2025-03-18T00:00:00
U262,Kiara Chopra,kiara.chopra161@example.com,Kiara@123,9229652183,bike,2025-06-05T00:00:00
U263,Aditya Chatterjee,aditya.chatterjee162@example.com,Aditya@123,9933084576,ev,2025-05-23T00:00:00
U264,Aisha Kulkarni,aisha.kulkarni163@example.com,Aisha@123,9707464352,bike,2025-02-25T00:00:00
U265,Vikram Deshmukh,vikram.deshmukh164@example.com,Vikram@123,9520053929,ev,2025-02-16T00:00:00
U266,Rohan Naidu,rohan.naidu165@example.com,Rohan@123,9475978345,car,2025-07-01T00:00:00
U267,Ishaan Pillai,ishaan.pillai166@example.com,Ishaan@123,9962210774,ev,2025-05-06T00:00:00
U268,Amit Chopra,amit.chopra167@example.com,Amit@123,9821467470,car,2025-08-01T00:00:00
U269,Ritu Singh,ritu.singh168@example.com,Ritu@123,9552611981,ev,2025-04-14T00:00:00
U270,Manish Sharma,manish.sharma169@example.com,Manish@123,9395733436,ev,2025-01-31T00:00:00
U271,Rohan Bose,rohan.bose170@example.com,Rohan@123,9137104930,ev,2025-04-11T00:00:00
U272,Rohan Gupta,rohan.gupta171@example.com,Rohan@123,9927038100,bike,2025-02-14T00:00:00
U273,Anika Chatterjee,anika.chatterjee172@example.com,Anika@123,9319676116,ev,2025-07-15T00:00:00
U274,Sanjay Joshi,sanjay.joshi173@example.com,Sanjay@123,9668882672,car,2025-03-02T00:00:00
U275,Amit Chopra,amit.chopra174@example.com,Amit@123,9274948319,ev,2025-04-23T00:00:00
U276,Sneha Das,sneha.das175@example.com,Sneha@123,9750918799,bike,2025-04-23T00:00:00
U277,Zara Chopra,zara.chopra176@example.com,Zara@123,9341985336,ev,2025-03-04T00:00:00
U278,Aditya Shaikh,aditya.shaikh177@example.com,Aditya@123,9868709241,car,2025-05-22T00:00:00
U279,Myra Joshi,myra.joshi178@example.com,Myra@123,9466126201,ev,2025-05-29T00:00:00
U280,Riya Nair,riya.nair179@example.com,Riya@123,9652447295,ev,2025-01-26T00:00:00
U281,Sai Bose,sai.bose180@example.com,Sai@123,9893067201,car,2025-03-23T00:00:00
U282,Reyansh Rao,reyansh.rao181@example.com,Reyansh@123,9397996321,car,2025-04-21T00:00:00
U283,Ishita Bansal,ishita.bansal182@example.com,Ishita@123,9866813964,car,2025-04-11T00:00:00
U284,Aditya Chatterjee,aditya.chatterjee183@example.com,Aditya@123,9918597018,car,2025-02-08T00:00:00
U285,Riya Mukherjee,riya.mukherjee184@example.com,Riya@123,9406531715,bike,2025-07-03T00:00:00
U286,Karan Kumar,karan.kumar185@example.com,Karan@123,9578269936,car,2025-01-19T00:00:00
U287,Imran Bose,imran.bose186@example.com,Imran@123,9458697255,ev,2025-05-20T00:00:00
U288,Diya Patel,diya.patel187@example.com,Diya@123,9667749015,car,2025-01-16T00:00:00
U289,Sai Shaikh,sai.shaikh188@example.com,Sai@123,9404970071,bike,2025-03-07T00:00:00
U290,Tanvi Deshmukh,tanvi.deshmukh189@example.com,Tanvi@123,9122340818,car,2025-06-02T00:00:00
U291,Zara Agarwal,zara.agarwal190@example.com,Zara@123,9503386594,ev,2025-02-12T00:00:00
U292,Rohan Nair,rohan.nair191@example.com,Rohan@123,9638629471,bike,2025-04-08T00:00:00
U293,Anika Rao,anika.rao192@example.com,Anika@123,9350219895,bike,2025-04-30T00:00:00
U294,Aarav Bansal,aarav.bansal193@example.com,Aarav@123,9742133475,bike,2025-07-30T00:00:00
U295,Riya Deshmukh,riya.deshmukh194@example.com,Riya@123,9891119398,ev,2025-04-20T00:00:00
U296,Ananya Gupta,ananya.gupta195@example.com,Ananya@123,9685795013,bike,2025-07-14T00:00:00
U297,Neha Ahmed,neha.ahmed196@example.com,Neha@123,9356257796,bike,2025-07-26T00:00:00
U298,Karan Kulkarni,karan.kulkarni197@example.com,Karan@123,9514663895,bike,2025-07-07T00:00:00
U299,Manish Chopra,manish.chopra198@example.com,Manish@123,9556404838,bike,2025-06-10T00:00:00
U300,Saanvi Das,saanvi.das199@example.com,Saanvi@123,9684705885,bike,2025-05-05T00:00:00
