id,name,email,password_hash,phone,status,created_at
d96288b7-a242-4c9c-8b44-eb602c294b2d,Reyansh Deshmukh,reyansh.deshmukh0@gmail.com,$2b$12$hash0000owner,9494990595,rejected,2025-03-19T00:00:00
470c358e-68f8-4a0a-b635-d59cf436613d,Sneha Gupta,sneha.gupta1@gmail.com,$2b$12$hash0001owner,9872738126,approved,2025-01-16T00:00:00
066cdd4c-7b46-4b13-8483-74d3d7c129b2,Ankit Bose,ankit.bose2@gmail.com,$2b$12$hash0002owner,9727631225,approved,2025-02-06T00:00:00
a1c96a65-b791-4684-af0b-2f90bd8d5da0,Aditya Sharma,aditya.sharma3@gmail.com,$2b$12$hash0003owner,9184759612,pending,2025-04-05T00:00:00
03f067ea-825d-4467-8ec4-7ee5aa477589,Sai Reddy,sai.reddy4@gmail.com,$2b$12$hash0004owner,9978060115,approved,2025-05-13T00:00:00
37ba0ea0-ca1d-4475-8eec-58527ef65d32,Kiara Pillai,kiara.pillai5@gmail.com,$2b$12$hash0005owner,9785025730,pending,2025-05-10T00:00:00
fa35d9d9-7f7e-4874-a760-3d3dee177268,Shreya Sharma,shreya.sharma6@gmail.com,$2b$12$hash0006owner,9807457873,approved,2025-04-03T00:00:00
86d5f3bd-31d2-4711-8fd5-ea4b343ed144,Divya Reddy,divya.reddy7@gmail.com,$2b$12$hash0007owner,9215302269,approved,2025-06-01T00:00:00
b5dcaada-9959-40ed-a739-ba1b8bb63cf8,Sneha Bose,sneha.bose8@gmail.com,$2b$12$hash0008owner,9505347343,pending,2025-04-01T00:00:00
c146dbc3-f373-4e36-a05a-fd00051cd4bd,Kiara Rao,kiara.rao9@gmail.com,$2b$12$hash0009owner,9433718221,approved,2025-02-02T00:00:00
58731f9d-0f1d-4a75-9db8-63c00d60df43,Ankit Iyer,ankit.iyer10@gmail.com,$2b$12$hash0010owner,9934088488,rejected,2025-05-21T00:00:00
63e42c8a-5a87-46d1-8b0d-571f9e5a208e,Aarav Chauhan,aarav.chauhan11@gmail.com,$2b$12$hash0011owner,9679478607,approved,2025-03-14T00:00:00
782421f7-44c6-463c-acd4-04de3f021705,Ananya Kulkarni,ananya.kulkarni12@gmail.com,$2b$12$hash0012owner,9590886206,approved,2025-03-21T00:00:00
87a825ae-6a02-426e-a977-20cf64f092e4,Karan Chatterjee,karan.chatterjee13@gmail.com,$2b$12$hash0013owner,9505413597,pending,2025-02-10T00:00:00
1276fb01-3a1f-4fa1-a044-5c0ef785a82d,Navya Kumar,navya.kumar14@gmail.com,$2b$12$hash0014owner,9182922322,approved,2025-04-10T00:00:00
de777da9-0ede-4629-90a1-26189e8c4bc0,Aadhya Chauhan,aadhya.chauhan15@gmail.com,$2b$12$hash0015owner,9899100857,approved,2025-01-12T00:00:00
52e557ac-7a98-4418-8c43-7236eda2c4cd,Amit Singh,amit.singh16@gmail.com,$2b$12$hash0016owner,9872462163,approved,2025-05-29T00:00:00
fd18f2e2-72d4-42ae-a1f5-28ef505a835c,Sai Das,sai.das17@gmail.com,$2b$12$hash0017owner,9349083724,approved,2025-04-24T00:00:00
c329f822-6131-4577-b42b-a21e2f90d5b7,Reyansh Mukherjee,reyansh.mukherjee18@gmail.com,$2b$12$hash0018owner,9248706171,approved,2025-05-17T00:00:00
5748440f-df50-49d1-bca0-c40343fba2af,Neha Shaikh,neha.shaikh19@gmail.com,$2b$12$hash0019owner,9419073370,approved,2025-01-13T00:00:00
94c9aff6-6ca0-44b8-9e48-18d4c2575ffc,Anika Malhotra,anika.malhotra20@gmail.com,$2b$12$hash0020owner,9973628220,approved,2025-03-22T00:00:00
f508b5f0-7381-496d-8870-8de5618c8e9e,Aditya Bhat,aditya.bhat21@gmail.com,$2b$12$hash0021owner,9903809008,approved,2025-05-03T00:00:00
a36aaae9-23cf-4769-a31e-2bd9a89854fb,Manish Khan,manish.khan22@gmail.com,$2b$12$hash0022owner,9800545146,pending,2025-05-17T00:00:00
314a79f3-784f-4cd5-a85a-5f3f5adcb3c9,Krishna Agarwal,krishna.agarwal23@gmail.com,$2b$12$hash0023owner,9275174836,approved,2025-03-07T00:00:00
57f1d0f7-cb7d-46c5-a6ff-89d95ff6da89,Vikram Gupta,vikram.gupta24@gmail.com,$2b$12$hash0024owner,9520048902,approved,2025-03-31T00:00:00
821b0370-1ac1-41e9-98e7-aebd45061eb5,Divya Menon,divya.menon25@gmail.com,$2b$12$hash0025owner,9591912552,rejected,2025-01-28T00:00:00
01151c32-e3c7-4b72-81ed-101a00d10221,Tanvi Bansal,tanvi.bansal26@gmail.com,$2b$12$hash0026owner,9769038315,rejected,2025-05-03T00:00:00
c31b0c34-459b-4c86-9de6-04a1a9b228aa,Pooja Ahmed,pooja.ahmed27@gmail.com,$2b$12$hash0027owner,9930275054,approved,2025-05-15T00:00:00
b7a8bc38-4341-4c73-8991-b35d3a6069bb,Saanvi Kulkarni,saanvi.kulkarni28@gmail.com,$2b$12$hash0028owner,9429978390,rejected,2025-06-24T00:00:00
08e0aa00-b4f2-4155-9aa5-716cd1f7d4f7,Arjun Verma,arjun.verma29@gmail.com,$2b$12$hash0029owner,9469765318,approved,2025-02-28T00:00:00
