id,name,email,password_hash,phone,vehicle_type,preferred_price,created_at
f85ce946-c276-496c-8441-4a6691abc6a7,Nikhil Deshmukh,nikhil.deshmukh0@example.com,$2b$12$hash0000user,9639444511,car,45.61,2025-01-23T00:00:00
766cd438-feda-499f-9731-6e4309faf4aa,Sai Joshi,sai.joshi1@example.com,$2b$12$hash0001user,9276791198,bike,25.86,2025-08-02T00:00:00
5246af6a-9378-4809-8ae6-8f17233cf673,Ishaan Chopra,ishaan.chopra2@example.com,$2b$12$hash0002user,9799664353,bike,49.01,2025-04-24T00:00:00
f51d82d7-5841-4df4-b3cd-20caac639592,Diya Verma,diya.verma3@example.com,$2b$12$hash0003user,9550667066,bike,20.04,2025-07-20T00:00:00
f010f9cc-b2a2-4f4c-bff3-653872140b2c,Vikram Chatterjee,vikram.chatterjee4@example.com,$2b$12$hash0004user,9112542658,car,23.04,2025-03-11T00:00:00
b6fe13bd-fe3d-49c4-9a15-dc10fd806d1c,Manish Chatterjee,manish.chatterjee5@example.com,$2b$12$hash0005user,9218639995,bike,38.72,2025-07-27T00:00:00
cf6fa6c2-ef72-4865-869e-2eea08c884a3,Vikram Iyer,vikram.iyer6@example.com,$2b$12$hash0006user,9209649253,bike,32.72,2025-07-19T00:00:00
567e2465-08d4-43c4-8872-6efd2d444d9a,Anika Kapoor,anika.kapoor7@example.com,$2b$12$hash0007user,9724836191,car,35.34,2025-04-08T00:00:00
857902eb-1351-4a17-b66c-d0020a8a460a,Aisha Sharma,aisha.sharma8@example.com,$2b$12$hash0008user,9279798086,ev,43.14,2025-01-20T00:00:00
44d64af1-52f4-472d-a634-dedc68426f80,Sneha Verma,sneha.verma9@example.com,$2b$12$hash0009user,9743866415,bike,40.86,2025-06-29T00:00:00
49c40658-bf14-457d-aab1-ff142d500a0e,Kiara Joshi,kiara.joshi10@example.com,$2b$12$hash0010user,9490452277,car,47.46,2025-02-08T00:00:00
a6fbc3d3-ca09-49e9-b311-cc3073cb59ce,Aditya Chauhan,aditya.chauhan11@example.com,$2b$12$hash0011user,9172782596,car,25.53,2025-04-04T00:00:00
5a6b23c7-c27b-4d06-b319-4c7f4dc8c5d4,Myra Reddy,myra.reddy12@example.com,$2b$12$hash0012user,9218995036,car,38.2,2025-04-22T00:00:00
ce569a2d-31ec-491e-a27f-3cc789efcb50,Tanvi Kumar,tanvi.kumar13@example.com,$2b$12$hash0013user,9382363801,car,25.03,2025-07-25T00:00:00
9cc3bdbe-eebe-44c1-af7d-d182e0bb848e,Ishaan Naidu,ishaan.naidu14@example.com,$2b$12$hash0014user,9964256002,ev,15.87,2025-07-18T00:00:00
86a025a2-4f9a-4657-920a-f0dd92507d51,Krishna Ahmed,krishna.ahmed15@example.com,$2b$12$hash0015user,9637242497,car,37.19,2025-05-06T00:00:00
31ce3d13-f25a-49ba-96be-de4c9d2c4dfb,Manish Kulkarni,manish.kulkarni16@example.com,$2b$12$hash0016user,9750990371,bike,29.67,2025-02-12T00:00:00
2641f5d4-a55d-4bf1-be2b-6179532fbdf0,Pooja Patel,pooja.patel17@example.com,$2b$12$hash0017user,9105859928,ev,35.86,2025-07-27T00:00:00
8a5d5561-789b-4e07-aab9-26cb737137d5,Shreya Bhat,shreya.bhat18@example.com,$2b$12$hash0018user,9263321405,ev,43.15,2025-07-20T00:00:00
07847f1f-f654-4d7d-97f6-2b7e4827f51e,Krishna Chauhan,krishna.chauhan19@example.com,$2b$12$hash0019user,9488871905,car,42.47,2025-04-18T00:00:00
b7eab9e9-b8e8-450e-ade5-b1b37cc6a6bf,Ishita Singh,ishita.singh20@example.com,$2b$12$hash0020user,9116053105,ev,18.82,2025-03-13T00:00:00
5a58aace-89bc-4179-a013-3ebeb2e0fb05,Vivaan Agarwal,vivaan.agarwal21@example.com,$2b$12$hash0021user,9846485752,bike,42.89,2025-04-17T00:00:00
d3248023-eceb-4bbd-919a-488c63316344,Nikhil Deshmukh,nikhil.deshmukh22@example.com,$2b$12$hash0022user,9309376667,bike,33.58,2025-06-17T00:00:00
60a46a59-decb-4c15-9dd2-5354eea94200,Sanjay Kulkarni,sanjay.kulkarni23@example.com,$2b$12$hash0023user,9645414237,car,45.37,2025-06-14T00:00:00
388adf72-ed8e-4826-a1dc-430335d9240d,Arjun Ahmed,arjun.ahmed24@example.com,$2b$12$hash0024user,9642796440,ev,29.44,2025-02-07T00:00:00
d9434090-703a-46b0-8191-a048c640aebe,Myra Singh,myra.singh25@example.com,$2b$12$hash0025user,9436765638,ev,29.91,2025-02-06T00:00:00
2bf8e1cc-2326-416d-806a-7a2456096171,Ishita Chopra,ishita.chopra26@example.com,$2b$12$hash0026user,9686737922,ev,45.36,2025-03-10T00:00:00
1453ff1c-0ed9-4fd1-a785-1c1d28d78a55,Shreya Malhotra,shreya.malhotra27@example.com,$2b$12$hash0027user,9508507193,car,23.67,2025-03-09T00:00:00
9cb4ef93-c5ee-472e-bc8e-c27dd4448e7b,Nikhil Malhotra,nikhil.malhotra28@example.com,$2b$12$hash0028user,9312996126,car,41.11,2025-07-02T00:00:00
88d8a3d6-22f2-4026-b650-c5dbdf9aba0f,Neha Khan,neha.khan29@example.com,$2b$12$hash0029user,9963229112,bike,17.33,2025-02-05T00:00:00
0a140015-f233-4ed4-87c5-aa755b4f13bb,Pooja Gupta,pooja.gupta30@example.com,$2b$12$hash0030user,9527878911,ev,20.12,2025-05-13T00:00:00
277f0ed5-2b3d-4a01-a8e9-b3197a833c20,Amit Sharma,amit.sharma31@example.com,$2b$12$hash0031user,9273071197,bike,25.86,2025-06-28T00:00:00
8708d2ec-59c7-481d-893a-8503e787c1eb,Zara Singh,zara.singh32@example.com,$2b$12$hash0032user,9931025682,bike,47.23,2025-02-12T00:00:00
a26479e4-b4df-46bb-9457-c697d859151e,Pooja Joshi,pooja.joshi33@example.com,$2b$12$hash0033user,9638703676,bike,24.97,2025-02-17T00:00:00
d8c10aea-9085-4345-a4e2-749a5c64d081,Rohan Bose,rohan.bose34@example.com,$2b$12$hash0034user,9619674082,car,19.04,2025-02-14T00:00:00
071d0229-2b82-4af7-b921-faca7bad858e,Imran Joshi,imran.joshi35@example.com,$2b$12$hash0035user,9586255709,bike,16.94,2025-01-19T00:00:00
599f005e-1fd0-410a-9bac-eb9a6b9d4d69,Tanvi Malhotra,tanvi.malhotra36@example.com,$2b$12$hash0036user,9275339653,ev,16.87,2025-02-18T00:00:00
7e636024-08c4-455c-bc1d-4d2db8566ef0,Aisha Rao,aisha.rao37@example.com,$2b$12$hash0037user,9486333695,bike,38.83,2025-05-13T00:00:00
dbab4a25-1918-4cdd-bf93-2896fde8d17e,Ankit Iyer,ankit.iyer38@example.com,$2b$12$hash0038user,9822791182,bike,26.13,2025-04-03T00:00:00
9d15ffc3-e80a-4ebc-9354-52be9f89db50,Myra Kapoor,myra.kapoor39@example.com,$2b$12$hash0039user,9554073612,car,45.63,2025-06-22T00:00:00
74715f8c-48e0-4c83-a4a6-dcf798935909,Navya Bansal,navya.bansal40@example.com,$2b$12$hash0040user,9582862218,bike,21.35,2025-01-23T00:00:00
b68b0696-eb24-408c-aa2e-a8f38d864d07,Myra Chauhan,myra.chauhan41@example.com,$2b$12$hash0041user,9900204924,bike,23.73,2025-03-03T00:00:00
3ad6b03e-a0d9-477c-a074-209e3b4e0f17,Nikhil Shaikh,nikhil.shaikh42@example.com,$2b$12$hash0042user,9678309633,ev,29.57,2025-05-09T00:00:00
36b67d6d-b43c-42c5-aed0-24c2bb6a8bb1,Vikram Chatterjee,vikram.chatterjee43@example.com,$2b$12$hash0043user,9354050346,car,28.08,2025-01-24T00:00:00
994007a2-e10c-4c44-9459-ba5958180d9a,Zara Chopra,zara.chopra44@example.com,$2b$12$hash0044user,9933235654,bike,18.56,2025-04-29T00:00:00
97c00172-dcdc-4002-91c2-08b08f475693,Diya Naidu,diya.naidu45@example.com,$2b$12$hash0045user,9183988903,car,16.82,2025-06-30T00:00:00
f04b3440-fac7-4177-8085-9e194fac1d99,Neha Malhotra,neha.malhotra46@example.com,$2b$12$hash0046user,9463683418,bike,18.47,2025-07-18T00:00:00
a568eb2a-9343-405d-813e-ff36267453fe,Amit Iyer,amit.iyer47@example.com,$2b$12$hash0047user,9853417937,ev,46.59,2025-07-02T00:00:00
0af291a9-0ed2-4b15-ae5a-a14a42338a67,Navya Khan,navya.khan48@example.com,$2b$12$hash0048user,9981613611,car,43.07,2025-05-10T00:00:00
5641a45c-1def-4cda-bcc7-0101ebcc7867,Imran Reddy,imran.reddy49@example.com,$2b$12$hash0049user,9801529785,car,37.49,2025-05-18T00:00:00
f3b6ba16-e61e-41fd-adef-6033fff96bf7,Myra Bhat,myra.bhat50@example.com,$2b$12$hash0050user,9801096718,bike,19.71,2025-06-29T00:00:00
13c8f3bb-fb66-413a-9dac-d16398290623,Zara Khan,zara.khan51@example.com,$2b$12$hash0051user,9582461231,car,33.0,2025-07-27T00:00:00
58dfe5bb-0b44-40a9-aea7-6b1f9eb40645,Aisha Joshi,aisha.joshi52@example.com,$2b$12$hash0052user,9871814928,ev,31.2,2025-06-20T00:00:00
113e0fc3-ac7c-4aa5-94eb-ac8046cb60ed,Zara Rao,zara.rao53@example.com,$2b$12$hash0053user,9446580545,car,37.38,2025-03-05T00:00:00
9462ee6b-75d6-44d4-a866-9de74f89d18c,Sai Menon,sai.menon54@example.com,$2b$12$hash0054user,9339816985,car,19.89,2025-04-11T00:00:00
701ab034-7338-48ac-804d-b83325e68904,Sanjay Kulkarni,sanjay.kulkarni55@example.com,$2b$12$hash0055user,9248608658,car,23.14,2025-04-08T00:00:00
b3c2dba9-c725-4fad-81d3-65ef3b760db5,Ishita Deshmukh,ishita.deshmukh56@example.com,$2b$12$hash0056user,9404413210,ev,27.82,2025-03-29T00:00:00
ab4320c7-c267-4d37-a343-4e66bd8ce9f6,Pooja Naidu,pooja.naidu57@example.com,$2b$12$hash0057user,9763250155,ev,28.28,2025-03-21T00:00:00
dbbf55b9-fe7a-4512-8381-1642692a2669,Imran Mukherjee,imran.mukherjee58@example.com,$2b$12$hash0058user,9264624215,bike,25.39,2025-06-01T00:00:00
4beb3fdc-4b87-4446-bb60-6772a272ebba,Divya Chatterjee,divya.chatterjee59@example.com,$2b$12$hash0059user,9813476760,bike,47.07,2025-07-23T00:00:00
be4f8d63-2ebf-49f7-b3ac-0dad3d81b41b,Manish Iyer,manish.iyer60@example.com,$2b$12$hash0060user,9868771568,bike,26.49,2025-04-21T00:00:00
60963040-4c45-41e0-9ea5-31cc05756a00,Anika Nair,anika.nair61@example.com,$2b$12$hash0061user,9514447346,car,44.7,2025-05-02T00:00:00
c70fd652-cbe6-4801-b8bc-23b297b54c77,Saanvi Chatterjee,saanvi.chatterjee62@example.com,$2b$12$hash0062user,9540327671,car,43.15,2025-05-25T00:00:00
98744254-e676-49c8-862f-e270757f662d,Sneha Chauhan,sneha.chauhan63@example.com,$2b$12$hash0063user,9597734161,ev,37.15,2025-05-01T00:00:00
011770ac-140d-4c74-b357-df9f96e3bd2c,Diya Reddy,diya.reddy64@example.com,$2b$12$hash0064user,9165220371,car,40.72,2025-03-13T00:00:00
26d5621e-bc18-4ce2-a258-8e3bc89f4429,Aisha Iyer,aisha.iyer65@example.com,$2b$12$hash0065user,9131632454,ev,39.32,2025-02-24T00:00:00
ee149de9-5939-4948-913a-0f3e3b34333a,Ankit Chauhan,ankit.chauhan66@example.com,$2b$12$hash0066user,9552974408,ev,19.62,2025-07-06T00:00:00
49e446a3-4611-4d46-837f-e901da5b1f5e,Shreya Menon,shreya.menon67@example.com,$2b$12$hash0067user,9957259982,car,18.33,2025-05-17T00:00:00
959aa198-9cfd-4b61-8a61-cd37d5785662,Saanvi Menon,saanvi.menon68@example.com,$2b$12$hash0068user,9659684690,car,17.96,2025-06-09T00:00:00
7bd34117-4d1c-414e-bc01-debf09846255,Pooja Patel,pooja.patel69@example.com,$2b$12$hash0069user,9570904706,bike,19.81,2025-07-21T00:00:00
01ade973-587d-4bff-92ba-bfb6e02c6cba,Aarav Kulkarni,aarav.kulkarni70@example.com,$2b$12$hash0070user,9252455974,ev,35.78,2025-06-24T00:00:00
6198dbda-17a0-43f1-bc6a-f7c825cadb18,Ishaan Iyer,ishaan.iyer71@example.com,$2b$12$hash0071user,9500667678,car,42.83,2025-06-20T00:00:00
a7c4fb7b-b307-45c8-91ef-8d9a80a407a5,Vihaan Khan,vihaan.khan72@example.com,$2b$12$hash0072user,9938234284,bike,23.87,2025-07-23T00:00:00
48b1a8a1-020b-4017-82c5-2d4b5a6fea52,Ishaan Joshi,ishaan.joshi73@example.com,$2b$12$hash0073user,9749670911,bike,18.33,2025-05-13T00:00:00
31f957b2-2e3e-4860-87ac-fb8a921297b0,Reyansh Chopra,reyansh.chopra74@example.com,$2b$12$hash0074user,9654549129,car,21.0,2025-02-09T00:00:00
9443a787-02d1-4c19-9ef9-d2058a7453b6,Nikhil Menon,nikhil.menon75@example.com,$2b$12$hash0075user,9608455549,bike,35.04,2025-04-20T00:00:00
46b6a70b-078e-462c-a5ba-ecf7b5064e0a,Aisha Rao,aisha.rao76@example.com,$2b$12$hash0076user,9711348635,bike,41.74,2025-04-29T00:00:00
d7754c45-f9ed-4e23-ac5f-1a615bd35db2,Diya Verma,diya.verma77@example.com,$2b$12$hash0077user,9928105973,bike,32.23,2025-06-23T00:00:00
9b2faa07-75b7-4187-aa26-fd1c2099d3c1,Aisha Singh,aisha.singh78@example.com,$2b$12$hash0078user,9312137730,car,47.59,2025-05-14T00:00:00
06e8551d-5af2-4d4a-9977-4e8a30414cfb,Sanjay Naidu,sanjay.naidu79@example.com,$2b$12$hash0079user,9207760229,car,19.1,2025-06-08T00:00:00
788a5308-567f-462c-a101-f6ed07f14eca,Nikhil Joshi,nikhil.joshi80@example.com,$2b$12$hash0080user,9178938110,ev,38.03,2025-06-09T00:00:00
b54c166a-7c11-48b8-a696-3d1f211b31e8,Vihaan Kumar,vihaan.kumar81@example.com,$2b$12$hash0081user,9929461118,car,38.49,2025-06-18T00:00:00
874d68e5-d3d9-40bc-bf55-a33edbb23902,Nikhil Menon,nikhil.menon82@example.com,$2b$12$hash0082user,9764408188,car,41.69,2025-07-13T00:00:00
13c84a12-87e6-47d4-8a15-a8dab52ee8a1,Myra Singh,myra.singh83@example.com,$2b$12$hash0083user,9671047693,ev,27.75,2025-03-10T00:00:00
9bc7590e-0c5c-439e-a1f3-bc877324ce34,Priya Shaikh,priya.shaikh84@example.com,$2b$12$hash0084user,9578977137,ev,20.52,2025-03-18T00:00:00
5f3be1c1-082f-4f43-92cd-32cd588e15c9,Tanvi Nair,tanvi.nair85@example.com,$2b$12$hash0085user,9233005034,ev,47.76,2025-05-06T00:00:00
11c2bea0-839d-4a70-a4a1-86a186b24e55,Vikram Rao,vikram.rao86@example.com,$2b$12$hash0086user,9494113632,bike,28.42,2025-02-09T00:00:00
a3293895-2029-45db-b566-b2e1981315b2,Ishita Chopra,ishita.chopra87@example.com,$2b$12$hash0087user,9258399549,ev,47.76,2025-05-05T00:00:00
65a9ebcd-7863-4808-8d99-67b85a4b4fdb,Karan Menon,karan.menon88@example.com,$2b$12$hash0088user,9424704689,ev,31.78,2025-06-20T00:00:00
2b1204a6-ed0b-4c47-94ca-f7ef014470e5,Tanvi Verma,tanvi.verma89@example.com,$2b$12$hash0089user,9225935304,ev,49.53,2025-03-31T00:00:00
29da365f-ae2c-46b7-aa48-22b86fee3628,Reyansh Chauhan,reyansh.chauhan90@example.com,$2b$12$hash0090user,9745984211,car,48.29,2025-04-09T00:00:00
f124e1fe-9f31-4c52-8851-ff68517f23d3,Aadhya Iyer,aadhya.iyer91@example.com,$2b$12$hash0091user,9206630719,ev,44.77,2025-07-09T00:00:00
f32092ce-bcba-4dd2-94ac-d809bf6de7ba,Sai Patel,sai.patel92@example.com,$2b$12$hash0092user,9673366494,car,19.27,2025-04-20T00:00:00
afb54ff1-68e3-4cfd-8572-7151fb0a53e5,Diya Khan,diya.khan93@example.com,$2b$12$hash0093user,9629432199,car,39.01,2025-05-03T00:00:00
0f356d86-c7ff-4da7-a7c5-87fc9f747a13,Ananya Sharma,ananya.sharma94@example.com,$2b$12$hash0094user,9111072417,bike,30.9,2025-06-08T00:00:00
0e0b358d-5fb8-4eac-9490-c65d5a817868,Ritu Kulkarni,ritu.kulkarni95@example.com,$2b$12$hash0095user,9488171433,ev,31.05,2025-03-15T00:00:00
5178c5a6-5efa-4504-80f4-551669af1807,Aisha Menon,aisha.menon96@example.com,$2b$12$hash0096user,9498082713,car,25.57,2025-04-28T00:00:00
a128c8e3-79bd-470a-9dd9-29e6ea7a5d25,Kiara Menon,kiara.menon97@example.com,$2b$12$hash0097user,9926597704,ev,42.35,2025-05-03T00:00:00
9df8e553-3a2c-4763-ab3e-8657866e4a2f,Riya Kulkarni,riya.kulkarni98@example.com,$2b$12$hash0098user,9199529569,bike,49.9,2025-01-23T00:00:00
e989cdb7-ad0e-4c36-a170-afeb109aaf40,Arjun Deshmukh,arjun.deshmukh99@example.com,$2b$12$hash0099user,9891280020,car,24.94,2025-06-19T00:00:00
8d9750c8-c678-4004-a403-18a45052c635,Anika Malhotra,anika.malhotra100@example.com,$2b$12$hash0100user,9853206920,ev,18.72,2025-05-28T00:00:00
82fb7949-1329-4cba-a1bd-3b10e49fa04a,Ankit Deshmukh,ankit.deshmukh101@example.com,$2b$12$hash0101user,9999194256,car,38.3,2025-02-11T00:00:00
99e41897-8dee-47c3-bf86-f5d3db6f2e0a,Karan Singh,karan.singh102@example.com,$2b$12$hash0102user,9685112513,ev,18.17,2025-05-31T00:00:00
d9e0dd75-199f-4cca-9166-e39a38afcea0,Kiara Joshi,kiara.joshi103@example.com,$2b$12$hash0103user,9907330057,car,16.01,2025-03-05T00:00:00
d338ea08-ef80-4005-809e-6b37e8f6f383,Navya Kapoor,navya.kapoor104@example.com,$2b$12$hash0104user,9316745251,car,20.01,2025-07-04T00:00:00
c0cd4e88-efc9-43ff-97f2-c0627da0e8f6,Arjun Verma,arjun.verma105@example.com,$2b$12$hash0105user,9799091145,car,21.94,2025-01-17T00:00:00
db47a8ff-d23c-402d-80e2-d7b9c16fc5d2,Ishita Shaikh,ishita.shaikh106@example.com,$2b$12$hash0106user,9919574403,ev,37.97,2025-07-15T00:00:00
2c37c0bd-ffa8-4881-8882-82a11c1ae2ff,Nikhil Agarwal,nikhil.agarwal107@example.com,$2b$12$hash0107user,9132546439,bike,15.19,2025-02-15T00:00:00
a71af03f-9582-4d96-a9ed-db655d49ed1b,Ritu Singh,ritu.singh108@example.com,$2b$12$hash0108user,9146492125,bike,36.21,2025-07-30T00:00:00
bd0a161f-06f1-4c49-ae73-26214dbbb292,Ishita Kulkarni,ishita.kulkarni109@example.com,$2b$12$hash0109user,9821333628,bike,23.35,2025-03-13T00:00:00
0b33ab4b-8a37-450d-884e-3411a79abd62,Navya Pillai,navya.pillai110@example.com,$2b$12$hash0110user,9864467957,ev,17.0,2025-05-28T00:00:00
be074667-ffe3-41bf-a0c1-142602ccee8c,Zara Rao,zara.rao111@example.com,$2b$12$hash0111user,9820867467,car,47.47,2025-02-08T00:00:00
d09677f7-88f4-40fe-aeb1-0eafeae247d7,Shreya Verma,shreya.verma112@example.com,$2b$12$hash0112user,9794897558,bike,39.43,2025-06-27T00:00:00
96751397-583f-47dd-93b4-5631fa45cc03,Rahul Shaikh,rahul.shaikh113@example.com,$2b$12$hash0113user,9854182195,bike,16.41,2025-04-16T00:00:00
98096188-199a-43f7-a99d-056bc2dc1de4,Vivaan Gupta,vivaan.gupta114@example.com,$2b$12$hash0114user,9281603899,car,19.37,2025-06-03T00:00:00
71909051-9811-483a-8e13-7b09afa7d29c,Nikhil Ahmed,nikhil.ahmed115@example.com,$2b$12$hash0115user,9554077890,car,41.08,2025-05-04T00:00:00
02108c92-ad8b-4e39-a390-6cca2612f9bc,Navya Ahmed,navya.ahmed116@example.com,$2b$12$hash0116user,9667010659,car,44.79,2025-04-14T00:00:00
4ac947c8-94d7-4953-8716-6429c0532f10,Diya Naidu,diya.naidu117@example.com,$2b$12$hash0117user,9239691692,ev,40.71,2025-01-25T00:00:00
7aa3d495-c307-4efb-b5a1-cb73a753544c,Ritu Agarwal,ritu.agarwal118@example.com,$2b$12$hash0118user,9273737341,bike,24.48,2025-02-03T00:00:00
d252f73a-00d4-483e-8127-017911e18fa7,Diya Ahmed,diya.ahmed119@example.com,$2b$12$hash0119user,9738914226,bike,49.31,2025-06-13T00:00:00
abb2f860-9238-4251-855a-1dd52e586703,Zara Gupta,zara.gupta120@example.com,$2b$12$hash0120user,9650389244,bike,16.91,2025-01-29T00:00:00
91190595-9e10-41ee-9702-23f0e4fc5b66,Neha Bose,neha.bose121@example.com,$2b$12$hash0121user,9654678072,bike,16.48,2025-02-27T00:00:00
5bbeb2c7-93f7-44b2-8667-a43baa8bcaa6,Rahul Deshmukh,rahul.deshmukh122@example.com,$2b$12$hash0122user,9895731139,car,39.84,2025-04-07T00:00:00
74a87e80-283e-4e63-b28c-90a677b47451,Ananya Chatterjee,ananya.chatterjee123@example.com,$2b$12$hash0123user,9255815061,bike,18.21,2025-06-18T00:00:00
556261d8-d9c1-4291-a2df-87a1ee4cf355,Zara Menon,zara.menon124@example.com,$2b$12$hash0124user,9265179905,ev,49.3,2025-05-13T00:00:00
98ea78ef-f606-478c-a1b9-904d47b3dd42,Sanjay Kapoor,sanjay.kapoor125@example.com,$2b$12$hash0125user,9512704577,ev,42.44,2025-03-06T00:00:00
c75ee9a0-f7fd-4825-83ec-d40424f06a08,Aditya Rao,aditya.rao126@example.com,$2b$12$hash0126user,9672767507,car,35.03,2025-04-14T00:00:00
33b4dd72-dc8e-4f35-8629-990075b9b265,Rahul Iyer,rahul.iyer127@example.com,$2b$12$hash0127user,9230617228,bike,48.11,2025-05-03T00:00:00
877b1c47-4f80-462c-af6d-a5b004e58548,Krishna Chauhan,krishna.chauhan128@example.com,$2b$12$hash0128user,9371208368,bike,35.23,2025-05-02T00:00:00
7cf848c9-5303-46fe-b11c-5be547765b07,Farhan Kapoor,farhan.kapoor129@example.com,$2b$12$hash0129user,9729798349,car,37.72,2025-04-13T00:00:00
80ddb24e-b52f-4daf-933f-c7cb4e17d61e,Sneha Rao,sneha.rao130@example.com,$2b$12$hash0130user,9946534967,bike,20.2,2025-04-17T00:00:00
8f8a056f-64c4-4ad2-8d2d-457fc5669aa9,Vihaan Reddy,vihaan.reddy131@example.com,$2b$12$hash0131user,9557517463,ev,29.14,2025-07-16T00:00:00
f2f55bd1-e8a5-434d-83b1-0e4c7f747abb,Pooja Shaikh,pooja.shaikh132@example.com,$2b$12$hash0132user,9526751855,bike,19.17,2025-07-28T00:00:00
cb4471e5-a9d1-42a1-bfb8-c0f57e76da77,Ritu Chauhan,ritu.chauhan133@example.com,$2b$12$hash0133user,9220685148,car,24.73,2025-02-02T00:00:00
5a1bb93c-018f-497e-b8c8-a979032a57ef,Aadhya Iyer,aadhya.iyer134@example.com,$2b$12$hash0134user,9653228232,ev,36.38,2025-04-10T00:00:00
50e1d2ac-680b-49ff-9ebe-59fff8c4ea2c,Ishaan Agarwal,ishaan.agarwal135@example.com,$2b$12$hash0135user,9460705560,bike,29.41,2025-05-21T00:00:00
77271711-a6a1-459c-a267-4bcf2e90d18f,Ritu Bansal,ritu.bansal136@example.com,$2b$12$hash0136user,9238099323,ev,22.62,2025-04-06T00:00:00
fef6f349-5174-4165-b8be-df97927e56b8,Zara Singh,zara.singh137@example.com,$2b$12$hash0137user,9954228422,car,26.1,2025-05-12T00:00:00
f6e2f2c4-a6e8-4a47-b63f-dc4c8646e964,Shreya Malhotra,shreya.malhotra138@example.com,$2b$12$hash0138user,9928411386,car,29.64,2025-01-22T00:00:00
9ab9400c-1eff-4d82-ac2e-f0862aaf85cd,Ananya Menon,ananya.menon139@example.com,$2b$12$hash0139user,9529547881,ev,22.9,2025-04-19T00:00:00
b121dd15-fd8e-46c6-839b-5eeda960f56a,Aarav Khan,aarav.khan140@example.com,$2b$12$hash0140user,9185717905,bike,34.8,2025-05-09T00:00:00
7a3c925b-65d7-4998-bcce-420c121b09f4,Sai Nair,sai.nair141@example.com,$2b$12$hash0141user,9630742916,car,37.68,2025-06-04T00:00:00
e6ebd0ba-e312-4b8a-bf7d-3dfdee5c3d3c,Manish Singh,manish.singh142@example.com,$2b$12$hash0142user,9628435093,ev,26.07,2025-05-25T00:00:00
bff2838c-18f1-4e11-94fb-08fe6535081d,Rohan Naidu,rohan.naidu143@example.com,$2b$12$hash0143user,9321655996,ev,34.22,2025-06-21T00:00:00
4347d903-a9bb-400e-97ad-572350bb9116,Riya Pillai,riya.pillai144@example.com,$2b$12$hash0144user,9277275771,ev,36.91,2025-04-11T00:00:00
abdf5dda-7959-44f1-9e8c-be548fc94775,Navya Bose,navya.bose145@example.com,$2b$12$hash0145user,9573738995,bike,32.95,2025-03-28T00:00:00
2927e51f-d212-4584-b4e3-640a2479826b,Aisha Nair,aisha.nair146@example.com,$2b$12$hash0146user,9827470366,bike,46.02,2025-06-11T00:00:00
d407fa4b-5fd1-4575-8d71-7e298ea527a2,Divya Kumar,divya.kumar147@example.com,$2b$12$hash0147user,9215441123,bike,32.63,2025-07-18T00:00:00
dcf48aa7-7d85-4b28-afb9-df059ab79656,Saanvi Agarwal,saanvi.agarwal148@example.com,$2b$12$hash0148user,9760052757,ev,43.0,2025-04-29T00:00:00
85917b08-e3e5-4ca2-9c90-3e0d0f63a9f5,Farhan Bhat,farhan.bhat149@example.com,$2b$12$hash0149user,9321329671,car,44.31,2025-03-18T00:00:00
1c59fc9a-7cf2-48c3-a919-e5be8ae2fd42,Arjun Iyer,arjun.iyer150@example.com,$2b$12$hash0150user,9544727481,bike,19.05,2025-01-26T00:00:00
388689f2-d306-45bd-9a3e-51b60104e7b8,Amit Agarwal,amit.agarwal151@example.com,$2b$12$hash0151user,9164853232,ev,44.47,2025-06-28T00:00:00
ed64dea8-a873-4832-8f78-421ade42cf06,Navya Kapoor,navya.kapoor152@example.com,$2b$12$hash0152user,9150011124,car,24.82,2025-05-08T00:00:00
2d553dc2-8f10-41cb-b80f-ab23383e3731,Riya Bhat,riya.bhat153@example.com,$2b$12$hash0153user,9400717035,bike,21.05,2025-06-10T00:00:00
a1c3a1f9-0d90-4d39-b45e-b61f457e15b7,Ankit Ahmed,ankit.ahmed154@example.com,$2b$12$hash0154user,9382504032,ev,40.99,2025-07-14T00:00:00
d3c43590-34fb-498e-b253-feb31c1698ea,Zara Chopra,zara.chopra155@example.com,$2b$12$hash0155user,9493005739,car,44.98,2025-06-29T00:00:00
15ce7f7e-c477-41ec-b7d0-63fa147b7c27,Ritu Khan,ritu.khan156@example.com,$2b$12$hash0156user,9473689029,bike,20.38,2025-03-30T00:00:00
5b7b16c9-e192-4b33-80f0-b3ac574db510,Neha Chatterjee,neha.chatterjee157@example.com,$2b$12$hash0157user,9315479185,ev,19.19,2025-05-15T00:00:00
f26df763-aad5-41ea-8ed1-77c8b680cc59,Sneha Das,sneha.das158@example.com,$2b$12$hash0158user,9557479177,bike,48.55,2025-03-28T00:00:00
6314903e-c210-4033-9e11-12625301bc1d,Rahul Chopra,rahul.chopra159@example.com,$2b$12$hash0159user,9168949449,car,42.02,2025-08-02T00:00:00
cfdfd189-e956-4412-8514-e046100dbe9a,Myra Ahmed,myra.ahmed160@example.com,$2b$12$hash0160user,9482023557,bike,39.07,2025-03-18T00:00:00
0d372728-4a07-4223-923e-6f2157eca8b2,Kiara Chopra,kiara.chopra161@example.com,$2b$12$hash0161user,9229652183,bike,28.57,2025-06-05T00:00:00
3585a529-1a8b-42fa-bf2f-40a2ffe4e350,Aditya Chatterjee,aditya.chatterjee162@example.com,$2b$12$hash0162user,9933084576,ev,15.38,2025-05-23T00:00:00
442a0e97-6b3e-4afc-8ac8-b547aa9b92f5,Aisha Kulkarni,aisha.kulkarni163@example.com,$2b$12$hash0163user,9707464352,bike,33.38,2025-02-25T00:00:00
01a21be9-8852-4995-a019-7e0ecc7ec4b4,Vikram Deshmukh,vikram.deshmukh164@example.com,$2b$12$hash0164user,9520053929,ev,20.81,2025-02-16T00:00:00
59a253e1-4ef6-4ca0-9997-5a946ade55d7,Rohan Naidu,rohan.naidu165@example.com,$2b$12$hash0165user,9475978345,car,49.62,2025-07-01T00:00:00
3c6f7568-4973-46b3-b543-318625e853df,Ishaan Pillai,ishaan.pillai166@example.com,$2b$12$hash0166user,9962210774,ev,44.37,2025-05-06T00:00:00
444c682b-1715-41a5-a73d-fbadb660d040,Amit Chopra,amit.chopra167@example.com,$2b$12$hash0167user,9821467470,car,19.96,2025-08-01T00:00:00
c93534d5-7e36-4c89-bd78-a77559e5e18b,Ritu Singh,ritu.singh168@example.com,$2b$12$hash0168user,9552611981,ev,28.74,2025-04-14T00:00:00
7fdc66b5-6d75-46cc-b403-5fa62759c37e,Manish Sharma,manish.sharma169@example.com,$2b$12$hash0169user,9395733436,ev,41.44,2025-01-31T00:00:00
f0e78e54-8eee-440e-a1d3-3cd7a6704ef9,Rohan Bose,rohan.bose170@example.com,$2b$12$hash0170user,9137104930,ev,31.43,2025-04-11T00:00:00
c0c93188-f9ba-4393-a84c-471c5cb4c67d,Rohan Gupta,rohan.gupta171@example.com,$2b$12$hash0171user,9927038100,bike,21.33,2025-02-14T00:00:00
072e86f1-123e-4728-8660-0ca9e2253241,Anika Chatterjee,anika.chatterjee172@example.com,$2b$12$hash0172user,9319676116,ev,16.56,2025-07-15T00:00:00
46bdc850-3cf5-4361-9686-fdb85d5d8484,Sanjay Joshi,sanjay.joshi173@example.com,$2b$12$hash0173user,9668882672,car,25.22,2025-03-02T00:00:00
2f69688f-73d1-4b35-a5a0-a0cb9fff72ec,Amit Chopra,amit.chopra174@example.com,$2b$12$hash0174user,9274948319,ev,35.53,2025-04-23T00:00:00
b21aebda-2049-4c70-bc7c-bfd60bbcbdca,Sneha Das,sneha.das175@example.com,$2b$12$hash0175user,9750918799,bike,17.94,2025-04-23T00:00:00
d16dc9c8-b3dc-4156-a28e-2847680508ca,Zara Chopra,zara.chopra176@example.com,$2b$12$hash0176user,9341985336,ev,44.53,2025-03-04T00:00:00
9dd34665-f8c0-45b7-97e8-9cd4be56b238,Aditya Shaikh,aditya.shaikh177@example.com,$2b$12$hash0177user,9868709241,car,37.72,2025-05-22T00:00:00
af8d3b09-87a3-492d-b614-12760cfcd0af,Myra Joshi,myra.joshi178@example.com,$2b$12$hash0178user,9466126201,ev,41.7,2025-05-29T00:00:00
b3777ebf-a223-405b-bdfb-26c99551ddd6,Riya Nair,riya.nair179@example.com,$2b$12$hash0179user,9652447295,ev,27.83,2025-01-26T00:00:00
0fb26ed7-84f5-4429-9214-3f19b48293a3,Sai Bose,sai.bose180@example.com,$2b$12$hash0180user,9893067201,car,44.56,2025-03-23T00:00:00
d05d6b4c-e29c-486e-989a-1a0d30f62a5f,Reyansh Rao,reyansh.rao181@example.com,$2b$12$hash0181user,9397996321,car,41.9,2025-04-21T00:00:00
5b292114-7ba8-4602-ba9b-11c0dad1188f,Ishita Bansal,ishita.bansal182@example.com,$2b$12$hash0182user,9866813964,car,32.67,2025-04-11T00:00:00
b72d0ed5-ada1-4992-9b3d-3c34c1f15472,Aditya Chatterjee,aditya.chatterjee183@example.com,$2b$12$hash0183user,9918597018,car,35.55,2025-02-08T00:00:00
65901945-cad2-4850-be6b-8ca1110509d2,Riya Mukherjee,riya.mukherjee184@example.com,$2b$12$hash0184user,9406531715,bike,32.46,2025-07-03T00:00:00
08295200-2344-4f2d-85f3-a0c84e16003c,Karan Kumar,karan.kumar185@example.com,$2b$12$hash0185user,9578269936,car,18.67,2025-01-19T00:00:00
2551fac8-9d67-46d9-953b-c6b38828df0a,Imran Bose,imran.bose186@example.com,$2b$12$hash0186user,9458697255,ev,47.11,2025-05-20T00:00:00
c6795a1b-8f62-48eb-bd34-9dd17a9cca3f,Diya Patel,diya.patel187@example.com,$2b$12$hash0187user,9667749015,car,21.21,2025-01-16T00:00:00
142999e5-307a-4bf4-8240-57e97cc86f50,Sai Shaikh,sai.shaikh188@example.com,$2b$12$hash0188user,9404970071,bike,21.71,2025-03-07T00:00:00
1647cad1-ee93-47b6-89cc-5a17e653b068,Tanvi Deshmukh,tanvi.deshmukh189@example.com,$2b$12$hash0189user,9122340818,car,47.46,2025-06-02T00:00:00
885a8633-088a-4929-8467-306108a21c91,Zara Agarwal,zara.agarwal190@example.com,$2b$12$hash0190user,9503386594,ev,25.76,2025-02-12T00:00:00
4551e04c-c156-4e1f-bb7c-b4c84bf323e1,Rohan Nair,rohan.nair191@example.com,$2b$12$hash0191user,9638629471,bike,15.26,2025-04-08T00:00:00
90ff1297-1d26-4dd5-bd5a-903a36e5e4fc,Anika Rao,anika.rao192@example.com,$2b$12$hash0192user,9350219895,bike,39.61,2025-04-30T00:00:00
42a7237f-fbee-4b26-b5c8-bbb10e3a20ea,Aarav Bansal,aarav.bansal193@example.com,$2b$12$hash0193user,9742133475,bike,36.71,2025-07-30T00:00:00
2e5c2fa9-b7b1-452f-a748-146a44eeaa71,Riya Deshmukh,riya.deshmukh194@example.com,$2b$12$hash0194user,9891119398,ev,41.65,2025-04-20T00:00:00
f2ad57fb-f146-444e-9915-1d8aca933720,Ananya Gupta,ananya.gupta195@example.com,$2b$12$hash0195user,9685795013,bike,40.22,2025-07-14T00:00:00
872bd855-8ee4-4402-99ad-929403c4d312,Neha Ahmed,neha.ahmed196@example.com,$2b$12$hash0196user,9356257796,bike,42.37,2025-07-26T00:00:00
9fc4727a-0597-4944-bf05-76cd38346140,Karan Kulkarni,karan.kulkarni197@example.com,$2b$12$hash0197user,9514663895,bike,18.99,2025-07-07T00:00:00
79c74820-cccd-4500-ad66-e9f04ff12ad1,Manish Chopra,manish.chopra198@example.com,$2b$12$hash0198user,9556404838,bike,30.4,2025-06-10T00:00:00
46e30834-9cd9-488b-b58c-adc12efa773f,Saanvi Das,saanvi.das199@example.com,$2b$12$hash0199user,9684705885,bike,37.89,2025-05-05T00:00:00
